-- ============================================================================
-- Script de INSERTS para poblar las tablas del sistema de clínica
-- Orden: respeta dependencias de FK
-- Servidor: CLINICA_FINAL (4.156.223.214:1521/XEPDB1)
-- ============================================================================

-- ==================== TABLAS SIN DEPENDENCIAS ====================

-- 1. ESTADO_CITA
INSERT INTO ESTADO_CITA (NOMBRE_ESTADO, DESCRIPCION) VALUES ('Programada', 'Cita agendada por el paciente o personal médico');
INSERT INTO ESTADO_CITA (NOMBRE_ESTADO, DESCRIPCION) VALUES ('Confirmada', 'Cita verificada y confirmada por el paciente');
INSERT INTO ESTADO_CITA (NOMBRE_ESTADO, DESCRIPCION) VALUES ('Cancelada', 'Cita anulada antes de la atención');
INSERT INTO ESTADO_CITA (NOMBRE_ESTADO, DESCRIPCION) VALUES ('Atendida', 'Cita completada con atención médica realizada');
INSERT INTO ESTADO_CITA (NOMBRE_ESTADO, DESCRIPCION) VALUES ('No Asistió', 'Paciente no se presentó a la cita');
COMMIT;

-- 2. MOTIVO_CANCELACION
INSERT INTO MOTIVO_CANCELACION (NOMBRE, DESCRIPCION) VALUES ('Emergencia personal', 'El paciente tuvo una situación imprevista de salud o familiar');
INSERT INTO MOTIVO_CANCELACION (NOMBRE, DESCRIPCION) VALUES ('Problemas de transporte', 'El paciente no pudo trasladarse hasta la clínica');
INSERT INTO MOTIVO_CANCELACION (NOMBRE, DESCRIPCION) VALUES ('Reprogramación solicitada', 'El paciente o médico solicitó mover la cita');
INSERT INTO MOTIVO_CANCELACION (NOMBRE, DESCRIPCION) VALUES ('Error administrativo', 'Error del sistema o de registro en la programación');
INSERT INTO MOTIVO_CANCELACION (NOMBRE, DESCRIPCION) VALUES ('Otros', 'Otro motivo sin definir');
COMMIT;

-- 3. ESPECIALIDAD
INSERT INTO ESPECIALIDAD (NOMBRE) VALUES ('Medicina General');
INSERT INTO ESPECIALIDAD (NOMBRE) VALUES ('Pediatría');
INSERT INTO ESPECIALIDAD (NOMBRE) VALUES ('Ginecología');
INSERT INTO ESPECIALIDAD (NOMBRE) VALUES ('Cardiología');
INSERT INTO ESPECIALIDAD (NOMBRE) VALUES ('Dermatología');
INSERT INTO ESPECIALIDAD (NOMBRE) VALUES ('Oftalmología');
INSERT INTO ESPECIALIDAD (NOMBRE) VALUES ('Ortopedia');
INSERT INTO ESPECIALIDAD (NOMBRE) VALUES ('Neurología');
INSERT INTO ESPECIALIDAD (NOMBRE) VALUES ('Psiquiatría');
INSERT INTO ESPECIALIDAD (NOMBRE) VALUES ('Otorrinolaringología');
COMMIT;

-- 4. CLINICA
INSERT INTO CLINICA (NOMBRE, CODIGO_CLINICA, TELEFONO) VALUES ('Clínica Bíblica Central', 'CB001', '2522-1000');
INSERT INTO CLINICA (NOMBRE, CODIGO_CLINICA, TELEFONO) VALUES ('Clínica Los Ángeles', 'CLA002', '2444-5500');
COMMIT;

-- 5. AGENDA_HORARIO
-- Cambio de Adry: Columna NOMBRE renombrada a HORARIO
INSERT INTO AGENDA_HORARIO (ID_HORARIO, HORARIO, DIA_SEMANA, TURNO, HORA_INICIO, HORA_FIN) VALUES (1, 'Lunes Mañana', 1, 'M', '07:00', '13:00');
INSERT INTO AGENDA_HORARIO (ID_HORARIO, HORARIO, DIA_SEMANA, TURNO, HORA_INICIO, HORA_FIN) VALUES (2, 'Lunes Tarde', 1, 'T', '13:00', '19:00');
INSERT INTO AGENDA_HORARIO (ID_HORARIO, HORARIO, DIA_SEMANA, TURNO, HORA_INICIO, HORA_FIN) VALUES (3, 'Martes Mañana', 2, 'M', '07:00', '13:00');
INSERT INTO AGENDA_HORARIO (ID_HORARIO, HORARIO, DIA_SEMANA, TURNO, HORA_INICIO, HORA_FIN) VALUES (4, 'Martes Tarde', 2, 'T', '13:00', '19:00');
INSERT INTO AGENDA_HORARIO (ID_HORARIO, HORARIO, DIA_SEMANA, TURNO, HORA_INICIO, HORA_FIN) VALUES (5, 'Miércoles Mañana', 3, 'M', '07:00', '13:00');
INSERT INTO AGENDA_HORARIO (ID_HORARIO, HORARIO, DIA_SEMANA, TURNO, HORA_INICIO, HORA_FIN) VALUES (6, 'Miércoles Tarde', 3, 'T', '13:00', '19:00');
INSERT INTO AGENDA_HORARIO (ID_HORARIO, HORARIO, DIA_SEMANA, TURNO, HORA_INICIO, HORA_FIN) VALUES (7, 'Jueves Mañana', 4, 'M', '07:00', '13:00');
INSERT INTO AGENDA_HORARIO (ID_HORARIO, HORARIO, DIA_SEMANA, TURNO, HORA_INICIO, HORA_FIN) VALUES (8, 'Jueves Tarde', 4, 'T', '13:00', '19:00');
INSERT INTO AGENDA_HORARIO (ID_HORARIO, HORARIO, DIA_SEMANA, TURNO, HORA_INICIO, HORA_FIN) VALUES (9, 'Viernes Mañana', 5, 'M', '07:00', '13:00');
INSERT INTO AGENDA_HORARIO (ID_HORARIO, HORARIO, DIA_SEMANA, TURNO, HORA_INICIO, HORA_FIN) VALUES (10, 'Viernes Tarde', 5, 'T', '13:00', '19:00');
COMMIT;

-- 6. PACIENTE (50+ registros)
INSERT INTO PACIENTE (CEDULA, PRIMER_NOMBRE, SEGUNDO_NOMBRE, PRIMER_APELLIDO, SEGUNDO_APELLIDO, FECHA_NACIMIENTO, SEXO, OBSERVACIONES, TELEFONO, DIRECCION, CORREO_ELECTRONICO) VALUES ('101234567', 'María', 'José', 'Ramírez', 'Vargas', TO_DATE('12-06-1985', 'DD-MM-YYYY'), 'F', 'Paciente estable sin antecedentes.', '8881-2234', 'San José, Barrio Amón', 'maria.ramirez@example.com');
INSERT INTO PACIENTE (CEDULA, PRIMER_NOMBRE, SEGUNDO_NOMBRE, PRIMER_APELLIDO, SEGUNDO_APELLIDO, FECHA_NACIMIENTO, SEXO, OBSERVACIONES, TELEFONO, DIRECCION, CORREO_ELECTRONICO) VALUES ('101234568', 'Luis', 'Fernando', 'Gómez', 'Cordero', TO_DATE('04-08-1992', 'DD-MM-YYYY'), 'M', 'Consulta general.', '8703-1145', 'Cartago, Paraíso', 'luis.gomez@example.com');
INSERT INTO PACIENTE (CEDULA, PRIMER_NOMBRE, SEGUNDO_NOMBRE, PRIMER_APELLIDO, SEGUNDO_APELLIDO, FECHA_NACIMIENTO, SEXO, OBSERVACIONES, TELEFONO, DIRECCION, CORREO_ELECTRONICO) VALUES ('101234569', 'Sofía', 'Carolina', 'Pérez', 'Rojas', TO_DATE('23-03-1988', 'DD-MM-YYYY'), 'F', 'Alergia a penicilina.', '8992-3344', 'Heredia, San Francisco', 'sofia.perez@example.com');
INSERT INTO PACIENTE (CEDULA, PRIMER_NOMBRE, SEGUNDO_NOMBRE, PRIMER_APELLIDO, SEGUNDO_APELLIDO, FECHA_NACIMIENTO, SEXO, OBSERVACIONES, TELEFONO, DIRECCION, CORREO_ELECTRONICO) VALUES ('101234570', 'Carlos', 'Manuel', 'Mora', 'Jiménez', TO_DATE('18-01-1977', 'DD-MM-YYYY'), 'M', 'Revisión anual.', '8822-9001', 'Alajuela, Desamparados', 'carlos.mora@example.com');
INSERT INTO PACIENTE (CEDULA, PRIMER_NOMBRE, SEGUNDO_NOMBRE, PRIMER_APELLIDO, SEGUNDO_APELLIDO, FECHA_NACIMIENTO, SEXO, OBSERVACIONES, TELEFONO, DIRECCION, CORREO_ELECTRONICO) VALUES ('101234571', 'Lucía', 'Beatriz', 'Fernández', 'Solano', TO_DATE('05-11-1994', 'DD-MM-YYYY'), 'F', 'Chequeo general.', '8501-7722', 'Puntarenas, Chacarita', 'lucia.fernandez@example.com');
INSERT INTO PACIENTE (CEDULA, PRIMER_NOMBRE, SEGUNDO_NOMBRE, PRIMER_APELLIDO, SEGUNDO_APELLIDO, FECHA_NACIMIENTO, SEXO, OBSERVACIONES, TELEFONO, DIRECCION, CORREO_ELECTRONICO) VALUES ('101234572', 'Andrés', 'Felipe', 'Soto', 'García', TO_DATE('30-07-1983', 'DD-MM-YYYY'), 'M', 'Dolor lumbar persistente.', '8880-6677', 'Heredia, Belén', 'andres.soto@example.com');
INSERT INTO PACIENTE (CEDULA, PRIMER_NOMBRE, SEGUNDO_NOMBRE, PRIMER_APELLIDO, SEGUNDO_APELLIDO, FECHA_NACIMIENTO, SEXO, OBSERVACIONES, TELEFONO, DIRECCION, CORREO_ELECTRONICO) VALUES ('101234573', 'Elena', 'Patricia', 'Rodríguez', 'Méndez', TO_DATE('14-02-1975', 'DD-MM-YYYY'), 'F', 'Sin observaciones.', '8512-5589', 'Cartago, Tres Ríos', 'elena.rodriguez@example.com');
INSERT INTO PACIENTE (CEDULA, PRIMER_NOMBRE, SEGUNDO_NOMBRE, PRIMER_APELLIDO, SEGUNDO_APELLIDO, FECHA_NACIMIENTO, SEXO, OBSERVACIONES, TELEFONO, DIRECCION, CORREO_ELECTRONICO) VALUES ('101234574', 'Pedro', 'Alonso', 'Campos', 'Leiva', TO_DATE('09-10-1968', 'DD-MM-YYYY'), 'M', 'Hipertensión controlada.', '8700-9988', 'San José, Escazú', 'pedro.campos@example.com');
INSERT INTO PACIENTE (CEDULA, PRIMER_NOMBRE, SEGUNDO_NOMBRE, PRIMER_APELLIDO, SEGUNDO_APELLIDO, FECHA_NACIMIENTO, SEXO, OBSERVACIONES, TELEFONO, DIRECCION, CORREO_ELECTRONICO) VALUES ('101234575', 'Valeria', 'Marisol', 'Jiménez', 'Cruz', TO_DATE('22-04-1999', 'DD-MM-YYYY'), 'F', 'Chequeo de rutina.', '8812-4401', 'Alajuela, Grecia', 'valeria.jimenez@example.com');
INSERT INTO PACIENTE (CEDULA, PRIMER_NOMBRE, SEGUNDO_NOMBRE, PRIMER_APELLIDO, SEGUNDO_APELLIDO, FECHA_NACIMIENTO, SEXO, OBSERVACIONES, TELEFONO, DIRECCION, CORREO_ELECTRONICO) VALUES ('101234576', 'Ricardo', 'Antonio', 'Solís', 'Vega', TO_DATE('01-09-1973', 'DD-MM-YYYY'), 'M', 'Alergia controlada.', '8440-9088', 'Heredia, Santo Domingo', 'ricardo.solis@example.com');
INSERT INTO PACIENTE (CEDULA, PRIMER_NOMBRE, SEGUNDO_NOMBRE, PRIMER_APELLIDO, SEGUNDO_APELLIDO, FECHA_NACIMIENTO, SEXO, OBSERVACIONES, TELEFONO, DIRECCION, CORREO_ELECTRONICO) VALUES ('101234577', 'Laura', 'Isabel', 'Quesada', 'Monge', TO_DATE('11-12-1987', 'DD-MM-YYYY'), 'F', 'Tratamiento de seguimiento.', '8899-7733', 'San José, Curridabat', 'laura.quesada@example.com');
INSERT INTO PACIENTE (CEDULA, PRIMER_NOMBRE, SEGUNDO_NOMBRE, PRIMER_APELLIDO, SEGUNDO_APELLIDO, FECHA_NACIMIENTO, SEXO, OBSERVACIONES, TELEFONO, DIRECCION, CORREO_ELECTRONICO) VALUES ('101234578', 'Miguel', 'Ángel', 'Rojas', 'Salas', TO_DATE('28-05-1965', 'DD-MM-YYYY'), 'M', 'Control de presión arterial.', '8771-3344', 'Cartago, La Unión', 'miguel.rojas@example.com');
INSERT INTO PACIENTE (CEDULA, PRIMER_NOMBRE, SEGUNDO_NOMBRE, PRIMER_APELLIDO, SEGUNDO_APELLIDO, FECHA_NACIMIENTO, SEXO, OBSERVACIONES, TELEFONO, DIRECCION, CORREO_ELECTRONICO) VALUES ('101234579', 'Gabriela', 'Fernanda', 'Hernández', 'Porras', TO_DATE('08-02-1990', 'DD-MM-YYYY'), 'F', 'Asma leve.', '8844-2211', 'San José, Pavas', 'gabriela.hernandez@example.com');
INSERT INTO PACIENTE (CEDULA, PRIMER_NOMBRE, SEGUNDO_NOMBRE, PRIMER_APELLIDO, SEGUNDO_APELLIDO, FECHA_NACIMIENTO, SEXO, OBSERVACIONES, TELEFONO, DIRECCION, CORREO_ELECTRONICO) VALUES ('101234580', 'Daniel', 'Enrique', 'Gutiérrez', 'Arias', TO_DATE('15-06-1971', 'DD-MM-YYYY'), 'M', 'Consulta de control.', '8500-7744', 'Puntarenas, Barranca', 'daniel.gutierrez@example.com');
INSERT INTO PACIENTE (CEDULA, PRIMER_NOMBRE, SEGUNDO_NOMBRE, PRIMER_APELLIDO, SEGUNDO_APELLIDO, FECHA_NACIMIENTO, SEXO, OBSERVACIONES, TELEFONO, DIRECCION, CORREO_ELECTRONICO) VALUES ('101234581', 'Andrea', 'Nicole', 'Castro', 'Ramírez', TO_DATE('19-08-1998', 'DD-MM-YYYY'), 'F', 'Examen médico laboral.', '8301-8822', 'Heredia, San Pablo', 'andrea.castro@example.com');
INSERT INTO PACIENTE (CEDULA, PRIMER_NOMBRE, SEGUNDO_NOMBRE, PRIMER_APELLIDO, SEGUNDO_APELLIDO, FECHA_NACIMIENTO, SEXO, OBSERVACIONES, TELEFONO, DIRECCION, CORREO_ELECTRONICO) VALUES ('101234582', 'José', 'Miguel', 'Vargas', 'Alvarado', TO_DATE('07-01-1979', 'DD-MM-YYYY'), 'M', 'Dolor de espalda.', '8888-9900', 'Alajuela, Poás', 'jose.vargas@example.com');
INSERT INTO PACIENTE (CEDULA, PRIMER_NOMBRE, SEGUNDO_NOMBRE, PRIMER_APELLIDO, SEGUNDO_APELLIDO, FECHA_NACIMIENTO, SEXO, OBSERVACIONES, TELEFONO, DIRECCION, CORREO_ELECTRONICO) VALUES ('101234583', 'Patricia', 'Cecilia', 'Leiva', 'Campos', TO_DATE('24-04-1986', 'DD-MM-YYYY'), 'F', 'Control postoperatorio.', '8705-4432', 'Cartago, Turrialba', 'patricia.leiva@example.com');
INSERT INTO PACIENTE (CEDULA, PRIMER_NOMBRE, SEGUNDO_NOMBRE, PRIMER_APELLIDO, SEGUNDO_APELLIDO, FECHA_NACIMIENTO, SEXO, OBSERVACIONES, TELEFONO, DIRECCION, CORREO_ELECTRONICO) VALUES ('101234584', 'Carlos', 'Eduardo', 'Mora', 'Gómez', TO_DATE('11-03-1991', 'DD-MM-YYYY'), 'M', 'Chequeo médico.', '8891-9988', 'Heredia, San Isidro', 'carlos.morae@example.com');
INSERT INTO PACIENTE (CEDULA, PRIMER_NOMBRE, SEGUNDO_NOMBRE, PRIMER_APELLIDO, SEGUNDO_APELLIDO, FECHA_NACIMIENTO, SEXO, OBSERVACIONES, TELEFONO, DIRECCION, CORREO_ELECTRONICO) VALUES ('101234585', 'Camila', 'Rebeca', 'Jiménez', 'Vega', TO_DATE('29-05-1980', 'DD-MM-YYYY'), 'F', 'Chequeo preoperatorio.', '8820-5566', 'San José, Desamparados', 'camila.jimenez@example.com');
INSERT INTO PACIENTE (CEDULA, PRIMER_NOMBRE, SEGUNDO_NOMBRE, PRIMER_APELLIDO, SEGUNDO_APELLIDO, FECHA_NACIMIENTO, SEXO, OBSERVACIONES, TELEFONO, DIRECCION, CORREO_ELECTRONICO) VALUES ('101234586', 'Diego', 'Esteban', 'Rodríguez', 'Solano', TO_DATE('21-07-1982', 'DD-MM-YYYY'), 'M', 'Evaluación médica inicial.', '8708-4444', 'Cartago, Oreamuno', 'diego.rodriguez@example.com');
INSERT INTO PACIENTE (CEDULA, PRIMER_NOMBRE, SEGUNDO_NOMBRE, PRIMER_APELLIDO, SEGUNDO_APELLIDO, FECHA_NACIMIENTO, SEXO, OBSERVACIONES, TELEFONO, DIRECCION, CORREO_ELECTRONICO) VALUES ('101234587', 'Isabella', 'María', 'Pérez', 'García', TO_DATE('25-02-1997', 'DD-MM-YYYY'), 'F', 'Sin observaciones.', '8901-2332', 'Heredia, Barva', 'isabella.perez@example.com');
INSERT INTO PACIENTE (CEDULA, PRIMER_NOMBRE, SEGUNDO_NOMBRE, PRIMER_APELLIDO, SEGUNDO_APELLIDO, FECHA_NACIMIENTO, SEXO, OBSERVACIONES, TELEFONO, DIRECCION, CORREO_ELECTRONICO) VALUES ('101234588', 'Mauricio', 'Alberto', 'Sánchez', 'Cordero', TO_DATE('10-11-1976', 'DD-MM-YYYY'), 'M', 'Control médico rutinario.', '8723-2211', 'San José, Hatillo', 'mauricio.sanchez@example.com');
INSERT INTO PACIENTE (CEDULA, PRIMER_NOMBRE, SEGUNDO_NOMBRE, PRIMER_APELLIDO, SEGUNDO_APELLIDO, FECHA_NACIMIENTO, SEXO, OBSERVACIONES, TELEFONO, DIRECCION, CORREO_ELECTRONICO) VALUES ('101234589', 'Gabriela', 'Elena', 'Torres', 'Gómez', TO_DATE('30-09-1995', 'DD-MM-YYYY'), 'F', 'Chequeo preventivo.', '8512-1233', 'Alajuela, San Ramón', 'gabriela.torres@example.com');
INSERT INTO PACIENTE (CEDULA, PRIMER_NOMBRE, SEGUNDO_NOMBRE, PRIMER_APELLIDO, SEGUNDO_APELLIDO, FECHA_NACIMIENTO, SEXO, OBSERVACIONES, TELEFONO, DIRECCION, CORREO_ELECTRONICO) VALUES ('101234590', 'Fernando', 'José', 'Rojas', 'Méndez', TO_DATE('12-05-1964', 'DD-MM-YYYY'), 'M', 'Tratamiento de seguimiento.', '8700-2344', 'Cartago, Orosí', 'fernando.rojas@example.com');
INSERT INTO PACIENTE (CEDULA, PRIMER_NOMBRE, SEGUNDO_NOMBRE, PRIMER_APELLIDO, SEGUNDO_APELLIDO, FECHA_NACIMIENTO, SEXO, OBSERVACIONES, TELEFONO, DIRECCION, CORREO_ELECTRONICO) VALUES ('101234591', 'Daniela', 'Sofía', 'Gómez', 'Jiménez', TO_DATE('06-12-1992', 'DD-MM-YYYY'), 'F', 'Paciente sin alergias.', '8999-3300', 'San José, Rohrmoser', 'daniela.gomez@example.com');
INSERT INTO PACIENTE (CEDULA, PRIMER_NOMBRE, SEGUNDO_NOMBRE, PRIMER_APELLIDO, SEGUNDO_APELLIDO, FECHA_NACIMIENTO, SEXO, OBSERVACIONES, TELEFONO, DIRECCION, CORREO_ELECTRONICO) VALUES ('101234592', 'Roberto', 'Manuel', 'Solís', 'Alpízar', TO_DATE('14-08-1970', 'DD-MM-YYYY'), 'M', 'Chequeo médico anual.', '8811-9001', 'Heredia, Santo Tomás', 'roberto.solis@example.com');
INSERT INTO PACIENTE (CEDULA, PRIMER_NOMBRE, SEGUNDO_NOMBRE, PRIMER_APELLIDO, SEGUNDO_APELLIDO, FECHA_NACIMIENTO, SEXO, OBSERVACIONES, TELEFONO, DIRECCION, CORREO_ELECTRONICO) VALUES ('101234593', 'Valentina', 'Lucía', 'Ramírez', 'Rojas', TO_DATE('04-02-1984', 'DD-MM-YYYY'), 'F', 'Consulta general.', '8500-1234', 'Cartago, Agua Caliente', 'valentina.ramirez@example.com');
INSERT INTO PACIENTE (CEDULA, PRIMER_NOMBRE, SEGUNDO_NOMBRE, PRIMER_APELLIDO, SEGUNDO_APELLIDO, FECHA_NACIMIENTO, SEXO, OBSERVACIONES, TELEFONO, DIRECCION, CORREO_ELECTRONICO) VALUES ('101234594', 'Juan', 'José', 'Fernández', 'Gómez', TO_DATE('15-01-1989', 'DD-MM-YYYY'), 'M', 'Revisión médica.', '8702-3344', 'Alajuela, La Garita', 'juan.fernandez@example.com');
INSERT INTO PACIENTE (CEDULA, PRIMER_NOMBRE, SEGUNDO_NOMBRE, PRIMER_APELLIDO, SEGUNDO_APELLIDO, FECHA_NACIMIENTO, SEXO, OBSERVACIONES, TELEFONO, DIRECCION, CORREO_ELECTRONICO) VALUES ('101234595', 'Alejandra', 'Patricia', 'Vega', 'Mora', TO_DATE('10-04-1993', 'DD-MM-YYYY'), 'F', 'Chequeo de control.', '8891-7788', 'San José, Sabanilla', 'alejandra.vega@example.com');
INSERT INTO PACIENTE (CEDULA, PRIMER_NOMBRE, SEGUNDO_NOMBRE, PRIMER_APELLIDO, SEGUNDO_APELLIDO, FECHA_NACIMIENTO, SEXO, OBSERVACIONES, TELEFONO, DIRECCION, CORREO_ELECTRONICO) VALUES ('101234596', 'Cristian', 'Andrés', 'Jiménez', 'Soto', TO_DATE('28-06-1978', 'DD-MM-YYYY'), 'M', 'Control regular.', '8512-4455', 'Heredia, Mercedes', 'cristian.jimenez@example.com');
INSERT INTO PACIENTE (CEDULA, PRIMER_NOMBRE, SEGUNDO_NOMBRE, PRIMER_APELLIDO, SEGUNDO_APELLIDO, FECHA_NACIMIENTO, SEXO, OBSERVACIONES, TELEFONO, DIRECCION, CORREO_ELECTRONICO) VALUES ('101234597', 'Paola', 'María', 'Sánchez', 'Torres', TO_DATE('12-03-1985', 'DD-MM-YYYY'), 'F', 'Chequeo general anual.', '8709-1122', 'San José, Pavas', 'paola.sanchez@example.com');
INSERT INTO PACIENTE (CEDULA, PRIMER_NOMBRE, SEGUNDO_NOMBRE, PRIMER_APELLIDO, SEGUNDO_APELLIDO, FECHA_NACIMIENTO, SEXO, OBSERVACIONES, TELEFONO, DIRECCION, CORREO_ELECTRONICO) VALUES ('101234598', 'Jorge', 'Andrés', 'Mora', 'Fernández', TO_DATE('09-09-1979', 'DD-MM-YYYY'), 'M', 'Control de presión arterial.', '8800-7766', 'Heredia, Ulloa', 'jorge.mora@example.com');
INSERT INTO PACIENTE (CEDULA, PRIMER_NOMBRE, SEGUNDO_NOMBRE, PRIMER_APELLIDO, SEGUNDO_APELLIDO, FECHA_NACIMIENTO, SEXO, OBSERVACIONES, TELEFONO, DIRECCION, CORREO_ELECTRONICO) VALUES ('101234599', 'Verónica', 'Elena', 'Pérez', 'Arias', TO_DATE('25-01-1996', 'DD-MM-YYYY'), 'F', 'Chequeo preoperatorio.', '8871-5533', 'Cartago, El Tejar', 'veronica.perez@example.com');
INSERT INTO PACIENTE (CEDULA, PRIMER_NOMBRE, SEGUNDO_NOMBRE, PRIMER_APELLIDO, SEGUNDO_APELLIDO, FECHA_NACIMIENTO, SEXO, OBSERVACIONES, TELEFONO, DIRECCION, CORREO_ELECTRONICO) VALUES ('101234600', 'David', 'Fernando', 'Campos', 'Solano', TO_DATE('02-10-1982', 'DD-MM-YYYY'), 'M', 'Chequeo postoperatorio.', '8720-6655', 'San José, Zapote', 'david.campos@example.com');
INSERT INTO PACIENTE (CEDULA, PRIMER_NOMBRE, SEGUNDO_NOMBRE, PRIMER_APELLIDO, SEGUNDO_APELLIDO, FECHA_NACIMIENTO, SEXO, OBSERVACIONES, TELEFONO, DIRECCION, CORREO_ELECTRONICO) VALUES ('101234601', 'Melanie', 'Isabel', 'Jiménez', 'Rodríguez', TO_DATE('15-04-1994', 'DD-MM-YYYY'), 'F', 'Paciente sin alergias.', '8880-9988', 'Heredia, San Joaquín', 'melanie.jimenez@example.com');
INSERT INTO PACIENTE (CEDULA, PRIMER_NOMBRE, SEGUNDO_NOMBRE, PRIMER_APELLIDO, SEGUNDO_APELLIDO, FECHA_NACIMIENTO, SEXO, OBSERVACIONES, TELEFONO, DIRECCION, CORREO_ELECTRONICO) VALUES ('101234602', 'Oscar', 'Manuel', 'Ramírez', 'Vega', TO_DATE('08-07-1980', 'DD-MM-YYYY'), 'M', 'Consulta general.', '8891-4411', 'Alajuela, La Fortuna', 'oscar.ramirez@example.com');
INSERT INTO PACIENTE (CEDULA, PRIMER_NOMBRE, SEGUNDO_NOMBRE, PRIMER_APELLIDO, SEGUNDO_APELLIDO, FECHA_NACIMIENTO, SEXO, OBSERVACIONES, TELEFONO, DIRECCION, CORREO_ELECTRONICO) VALUES ('101234603', 'Natalia', 'Carolina', 'Méndez', 'Porras', TO_DATE('05-11-1993', 'DD-MM-YYYY'), 'F', 'Chequeo de rutina.', '8900-7788', 'Cartago, Oreamuno', 'natalia.mendez@example.com');
INSERT INTO PACIENTE (CEDULA, PRIMER_NOMBRE, SEGUNDO_NOMBRE, PRIMER_APELLIDO, SEGUNDO_APELLIDO, FECHA_NACIMIENTO, SEXO, OBSERVACIONES, TELEFONO, DIRECCION, CORREO_ELECTRONICO) VALUES ('101234604', 'Francisco', 'Javier', 'Leiva', 'Campos', TO_DATE('11-06-1975', 'DD-MM-YYYY'), 'M', 'Chequeo de control.', '8822-3344', 'San José, Tibás', 'francisco.leiva@example.com');
INSERT INTO PACIENTE (CEDULA, PRIMER_NOMBRE, SEGUNDO_NOMBRE, PRIMER_APELLIDO, SEGUNDO_APELLIDO, FECHA_NACIMIENTO, SEXO, OBSERVACIONES, TELEFONO, DIRECCION, CORREO_ELECTRONICO) VALUES ('101234605', 'Tatiana', 'María', 'Soto', 'Jiménez', TO_DATE('18-12-1990', 'DD-MM-YYYY'), 'F', 'Examen médico laboral.', '8831-9000', 'Heredia, San Pablo', 'tatiana.soto@example.com');
INSERT INTO PACIENTE (CEDULA, PRIMER_NOMBRE, SEGUNDO_NOMBRE, PRIMER_APELLIDO, SEGUNDO_APELLIDO, FECHA_NACIMIENTO, SEXO, OBSERVACIONES, TELEFONO, DIRECCION, CORREO_ELECTRONICO) VALUES ('101234606', 'Mario', 'José', 'Gómez', 'Cordero', TO_DATE('10-02-1977', 'DD-MM-YYYY'), 'M', 'Control regular.', '8501-1234', 'Cartago, Paraíso', 'mario.gomez@example.com');
INSERT INTO PACIENTE (CEDULA, PRIMER_NOMBRE, SEGUNDO_NOMBRE, PRIMER_APELLIDO, SEGUNDO_APELLIDO, FECHA_NACIMIENTO, SEXO, OBSERVACIONES, TELEFONO, DIRECCION, CORREO_ELECTRONICO) VALUES ('101234607', 'Fabiola', 'Andrea', 'Quesada', 'Sánchez', TO_DATE('28-09-1995', 'DD-MM-YYYY'), 'F', 'Sin observaciones.', '8702-4432', 'Alajuela, Grecia', 'fabiola.quesada@example.com');
INSERT INTO PACIENTE (CEDULA, PRIMER_NOMBRE, SEGUNDO_NOMBRE, PRIMER_APELLIDO, SEGUNDO_APELLIDO, FECHA_NACIMIENTO, SEXO, OBSERVACIONES, TELEFONO, DIRECCION, CORREO_ELECTRONICO) VALUES ('101234608', 'Manuel', 'Antonio', 'Cordero', 'Rojas', TO_DATE('13-01-1988', 'DD-MM-YYYY'), 'M', 'Chequeo médico.', '8700-2299', 'Heredia, San Francisco', 'manuel.cordero@example.com');
INSERT INTO PACIENTE (CEDULA, PRIMER_NOMBRE, SEGUNDO_NOMBRE, PRIMER_APELLIDO, SEGUNDO_APELLIDO, FECHA_NACIMIENTO, SEXO, OBSERVACIONES, TELEFONO, DIRECCION, CORREO_ELECTRONICO) VALUES ('101234609', 'Carolina', 'Isabel', 'Rodríguez', 'Solano', TO_DATE('21-10-1994', 'DD-MM-YYYY'), 'F', 'Consulta de rutina.', '8888-1111', 'Cartago, La Unión', 'carolina.rodriguez@example.com');
INSERT INTO PACIENTE (CEDULA, PRIMER_NOMBRE, SEGUNDO_NOMBRE, PRIMER_APELLIDO, SEGUNDO_APELLIDO, FECHA_NACIMIENTO, SEXO, OBSERVACIONES, TELEFONO, DIRECCION, CORREO_ELECTRONICO) VALUES ('101234610', 'Sebastián', 'Eduardo', 'Vega', 'Campos', TO_DATE('29-03-1986', 'DD-MM-YYYY'), 'M', 'Chequeo preventivo.', '8722-5566', 'San José, Hatillo', 'sebastian.vega@example.com');
INSERT INTO PACIENTE (CEDULA, PRIMER_NOMBRE, SEGUNDO_NOMBRE, PRIMER_APELLIDO, SEGUNDO_APELLIDO, FECHA_NACIMIENTO, SEXO, OBSERVACIONES, TELEFONO, DIRECCION, CORREO_ELECTRONICO) VALUES ('101234611', 'Mariana', 'Beatriz', 'Fernández', 'Gómez', TO_DATE('17-08-1992', 'DD-MM-YYYY'), 'F', 'Control de seguimiento.', '8701-3344', 'Alajuela, San Ramón', 'mariana.fernandez@example.com');
INSERT INTO PACIENTE (CEDULA, PRIMER_NOMBRE, SEGUNDO_NOMBRE, PRIMER_APELLIDO, SEGUNDO_APELLIDO, FECHA_NACIMIENTO, SEXO, OBSERVACIONES, TELEFONO, DIRECCION, CORREO_ELECTRONICO) VALUES ('101234612', 'Rodrigo', 'José', 'Solís', 'Alpízar', TO_DATE('11-09-1971', 'DD-MM-YYYY'), 'M', 'Chequeo general.', '8704-8899', 'Heredia, Santo Domingo', 'rodrigo.solis@example.com');
INSERT INTO PACIENTE (CEDULA, PRIMER_NOMBRE, SEGUNDO_NOMBRE, PRIMER_APELLIDO, SEGUNDO_APELLIDO, FECHA_NACIMIENTO, SEXO, OBSERVACIONES, TELEFONO, DIRECCION, CORREO_ELECTRONICO) VALUES ('101234613', 'Daniela', 'Carolina', 'Rojas', 'Méndez', TO_DATE('05-07-1996', 'DD-MM-YYYY'), 'F', 'Paciente sin alergias.', '8511-9922', 'San José, Desamparados', 'daniela.rojas@example.com');
INSERT INTO PACIENTE (CEDULA, PRIMER_NOMBRE, SEGUNDO_NOMBRE, PRIMER_APELLIDO, SEGUNDO_APELLIDO, FECHA_NACIMIENTO, SEXO, OBSERVACIONES, TELEFONO, DIRECCION, CORREO_ELECTRONICO) VALUES ('101234614', 'Felipe', 'Manuel', 'Vargas', 'Solano', TO_DATE('09-12-1980', 'DD-MM-YYYY'), 'M', 'Consulta médica general.', '8880-4433', 'Cartago, Turrialba', 'felipe.vargas@example.com');
INSERT INTO PACIENTE (CEDULA, PRIMER_NOMBRE, SEGUNDO_NOMBRE, PRIMER_APELLIDO, SEGUNDO_APELLIDO, FECHA_NACIMIENTO, SEXO, OBSERVACIONES, TELEFONO, DIRECCION, CORREO_ELECTRONICO) VALUES ('101234615', 'Claudia', 'María', 'Ramírez', 'Arias', TO_DATE('27-11-1998', 'DD-MM-YYYY'), 'F', 'Chequeo de control.', '8720-8899', 'Heredia, San Isidro', 'claudia.ramirez@example.com');
INSERT INTO PACIENTE (CEDULA, PRIMER_NOMBRE, SEGUNDO_NOMBRE, PRIMER_APELLIDO, SEGUNDO_APELLIDO, FECHA_NACIMIENTO, SEXO, OBSERVACIONES, TELEFONO, DIRECCION, CORREO_ELECTRONICO) VALUES ('101234616', 'Ricardo', 'Antonio', 'Porras', 'Jiménez', TO_DATE('13-10-1979', 'DD-MM-YYYY'), 'M', 'Chequeo general anual.', '8702-9933', 'Alajuela, Grecia', 'ricardo.porras@example.com');
INSERT INTO PACIENTE (CEDULA, PRIMER_NOMBRE, SEGUNDO_NOMBRE, PRIMER_APELLIDO, SEGUNDO_APELLIDO, FECHA_NACIMIENTO, SEXO, OBSERVACIONES, TELEFONO, DIRECCION, CORREO_ELECTRONICO) VALUES ('101234617', 'María', 'Fernanda', 'Torres', 'Gómez', TO_DATE('16-02-1985', 'DD-MM-YYYY'), 'F', 'Chequeo preventivo.', '8881-5566', 'San José, Curridabat', 'maria.fernanda@example.com');
INSERT INTO PACIENTE (CEDULA, PRIMER_NOMBRE, SEGUNDO_NOMBRE, PRIMER_APELLIDO, SEGUNDO_APELLIDO, FECHA_NACIMIENTO, SEXO, OBSERVACIONES, TELEFONO, DIRECCION, CORREO_ELECTRONICO) VALUES ('101234618', 'Esteban', 'Andrés', 'Leiva', 'Campos', TO_DATE('25-03-1983', 'DD-MM-YYYY'), 'M', 'Control de rutina.', '8900-7744', 'Cartago, Oreamuno', 'esteban.leiva@example.com');
INSERT INTO PACIENTE (CEDULA, PRIMER_NOMBRE, SEGUNDO_NOMBRE, PRIMER_APELLIDO, SEGUNDO_APELLIDO, FECHA_NACIMIENTO, SEXO, OBSERVACIONES, TELEFONO, DIRECCION, CORREO_ELECTRONICO) VALUES ('101234619', 'Alejandro', 'José', 'Mora', 'Sánchez', TO_DATE('22-09-1983', 'DD-MM-YYYY'), 'M', 'Chequeo médico.', '8706-4488', 'Heredia, San Isidro', 'alejandro.mora@example.com');
INSERT INTO PACIENTE (CEDULA, PRIMER_NOMBRE, SEGUNDO_NOMBRE, PRIMER_APELLIDO, SEGUNDO_APELLIDO, FECHA_NACIMIENTO, SEXO, OBSERVACIONES, TELEFONO, DIRECCION, CORREO_ELECTRONICO) VALUES ('101234620', 'Ana', 'Lucía', 'Salas', 'Vega', TO_DATE('17-05-1987', 'DD-MM-YYYY'), 'F', 'Control de rutina.', '8701-8899', 'San José, San Pedro', 'ana.salas@example.com');
INSERT INTO PACIENTE (CEDULA, PRIMER_NOMBRE, SEGUNDO_NOMBRE, PRIMER_APELLIDO, SEGUNDO_APELLIDO, FECHA_NACIMIENTO, SEXO, OBSERVACIONES, TELEFONO, DIRECCION, CORREO_ELECTRONICO) VALUES ('101234621', 'Raúl', 'Enrique', 'Monge', 'Castro', TO_DATE('03-08-1974', 'DD-MM-YYYY'), 'M', 'Revisión médica.', '8890-2233', 'Alajuela, San Carlos', 'raul.monge@example.com');
INSERT INTO PACIENTE (CEDULA, PRIMER_NOMBRE, SEGUNDO_NOMBRE, PRIMER_APELLIDO, SEGUNDO_APELLIDO, FECHA_NACIMIENTO, SEXO, OBSERVACIONES, TELEFONO, DIRECCION, CORREO_ELECTRONICO) VALUES ('101234622', 'Silvia', 'María', 'Araya', 'Fernández', TO_DATE('20-12-1989', 'DD-MM-YYYY'), 'F', 'Consulta preventiva.', '8702-5544', 'Cartago, Dulce Nombre', 'silvia.araya@example.com');
INSERT INTO PACIENTE (CEDULA, PRIMER_NOMBRE, SEGUNDO_NOMBRE, PRIMER_APELLIDO, SEGUNDO_APELLIDO, FECHA_NACIMIENTO, SEXO, OBSERVACIONES, TELEFONO, DIRECCION, CORREO_ELECTRONICO) VALUES ('101234623', 'Héctor', 'Luis', 'Cordero', 'Guzmán', TO_DATE('14-03-1981', 'DD-MM-YYYY'), 'M', 'Control de diabetes.', '8811-6677', 'Heredia, Santa Bárbara', 'hector.cordero@example.com');
INSERT INTO PACIENTE (CEDULA, PRIMER_NOMBRE, SEGUNDO_NOMBRE, PRIMER_APELLIDO, SEGUNDO_APELLIDO, FECHA_NACIMIENTO, SEXO, OBSERVACIONES, TELEFONO, DIRECCION, CORREO_ELECTRONICO) VALUES ('101234624', 'Mónica', 'Isabel', 'Vargas', 'Solís', TO_DATE('08-10-1996', 'DD-MM-YYYY'), 'F', 'Chequeo anual.', '8701-3322', 'San José, Moravia', 'monica.vargas@example.com');
INSERT INTO PACIENTE (CEDULA, PRIMER_NOMBRE, SEGUNDO_NOMBRE, PRIMER_APELLIDO, SEGUNDO_APELLIDO, FECHA_NACIMIENTO, SEXO, OBSERVACIONES, TELEFONO, DIRECCION, CORREO_ELECTRONICO) VALUES ('101234625', 'Guillermo', 'Antonio', 'Ramírez', 'Chaves', TO_DATE('26-07-1972', 'DD-MM-YYYY'), 'M', 'Examen de control.', '8890-4455', 'Alajuela, Atenas', 'guillermo.ramirez@example.com');
INSERT INTO PACIENTE (CEDULA, PRIMER_NOMBRE, SEGUNDO_NOMBRE, PRIMER_APELLIDO, SEGUNDO_APELLIDO, FECHA_NACIMIENTO, SEXO, OBSERVACIONES, TELEFONO, DIRECCION, CORREO_ELECTRONICO) VALUES ('101234626', 'Beatriz', 'Elena', 'Jiménez', 'Mora', TO_DATE('19-04-1991', 'DD-MM-YYYY'), 'F', 'Seguimiento médico.', '8709-7788', 'Cartago, Paraíso', 'beatriz.jimenez@example.com');
INSERT INTO PACIENTE (CEDULA, PRIMER_NOMBRE, SEGUNDO_NOMBRE, PRIMER_APELLIDO, SEGUNDO_APELLIDO, FECHA_NACIMIENTO, SEXO, OBSERVACIONES, TELEFONO, DIRECCION, CORREO_ELECTRONICO) VALUES ('101234627', 'Tomás', 'Alfredo', 'Rojas', 'Villalobos', TO_DATE('11-01-1969', 'DD-MM-YYYY'), 'M', 'Consulta por dolor articular.', '8812-9900', 'Heredia, Flores', 'tomas.rojas@example.com');
INSERT INTO PACIENTE (CEDULA, PRIMER_NOMBRE, SEGUNDO_NOMBRE, PRIMER_APELLIDO, SEGUNDO_APELLIDO, FECHA_NACIMIENTO, SEXO, OBSERVACIONES, TELEFONO, DIRECCION, CORREO_ELECTRONICO) VALUES ('101234628', 'Sandra', 'Patricia', 'Hernández', 'Umaña', TO_DATE('05-06-1993', 'DD-MM-YYYY'), 'F', 'Chequeo preventivo.', '8701-1122', 'San José, Goicoechea', 'sandra.hernandez@example.com');
INSERT INTO PACIENTE (CEDULA, PRIMER_NOMBRE, SEGUNDO_NOMBRE, PRIMER_APELLIDO, SEGUNDO_APELLIDO, FECHA_NACIMIENTO, SEXO, OBSERVACIONES, TELEFONO, DIRECCION, CORREO_ELECTRONICO) VALUES ('101234629', 'Ernesto', 'Rafael', 'Picado', 'Porras', TO_DATE('27-11-1978', 'DD-MM-YYYY'), 'M', 'Control de presión.', '8890-3344', 'Alajuela, Palmares', 'ernesto.picado@example.com');
INSERT INTO PACIENTE (CEDULA, PRIMER_NOMBRE, SEGUNDO_NOMBRE, PRIMER_APELLIDO, SEGUNDO_APELLIDO, FECHA_NACIMIENTO, SEXO, OBSERVACIONES, TELEFONO, DIRECCION, CORREO_ELECTRONICO) VALUES ('101234630', 'Lorena', 'Marcela', 'Castro', 'Monge', TO_DATE('16-09-1986', 'DD-MM-YYYY'), 'F', 'Consulta general.', '8702-5566', 'Cartago, El Guarco', 'lorena.castro@example.com');
COMMIT;

-- 7. PERSONAL (40 registros)
INSERT INTO PERSONAL (PRIMER_NOMBRE, SEGUNDO_NOMBRE, PRIMER_APELLIDO, SEGUNDO_APELLIDO, PUESTO, ACTIVO, CORREO_ELECTRONICO, TELEFONO, DIRECCION, PROVINCIA, CANTON, DISTRITO) VALUES ('Abby', 'Fernanda', 'Herrera', 'Vargas', 'Enfermera', 'S', 'maria.fernanda@clinicabiblica.com', '8881-2234', 'Barrio Escalante', 'San José', 'San José', 'Carmen');
INSERT INTO PERSONAL (PRIMER_NOMBRE, SEGUNDO_NOMBRE, PRIMER_APELLIDO, SEGUNDO_APELLIDO, PUESTO, ACTIVO, CORREO_ELECTRONICO, TELEFONO, DIRECCION, PROVINCIA, CANTON, DISTRITO) VALUES ('José', 'Antonio', 'Segura', 'Rojas', 'Doctor General', 'S', 'jose.antonio@clinicabiblica.com', '8701-1122', 'San Rafael', 'Heredia', 'Heredia', 'San Rafael');
INSERT INTO PERSONAL (PRIMER_NOMBRE, SEGUNDO_NOMBRE, PRIMER_APELLIDO, SEGUNDO_APELLIDO, PUESTO, ACTIVO, CORREO_ELECTRONICO, TELEFONO, DIRECCION, PROVINCIA, CANTON, DISTRITO) VALUES ('Laura', 'Patricia', 'Monge', 'Hidalgo', 'Recepcionista', 'S', 'laura.patricia@clinicabiblica.com', '8820-3344', 'Tres Ríos', 'Cartago', 'La Unión', 'Tres Ríos');
INSERT INTO PERSONAL (PRIMER_NOMBRE, SEGUNDO_NOMBRE, PRIMER_APELLIDO, SEGUNDO_APELLIDO, PUESTO, ACTIVO, CORREO_ELECTRONICO, TELEFONO, DIRECCION, PROVINCIA, CANTON, DISTRITO) VALUES ('Andrés', 'Felipe', 'Jiménez', 'Altamirano', 'Administrador', 'S', 'andres.felipe@clinicabiblica.com', '8877-4455', 'Barrio Amón', 'San José', 'San José', 'Carmen');
INSERT INTO PERSONAL (PRIMER_NOMBRE, SEGUNDO_NOMBRE, PRIMER_APELLIDO, SEGUNDO_APELLIDO, PUESTO, ACTIVO, CORREO_ELECTRONICO, TELEFONO, DIRECCION, PROVINCIA, CANTON, DISTRITO) VALUES ('Carolina', 'Isabel', 'Salazar', 'Venegas', 'Farmacéutica', 'S', 'carolina.isabel@clinicabiblica.com', '8999-2233', 'Guadalupe', 'San José', 'Goicoechea', 'Guadalupe');
INSERT INTO PERSONAL (PRIMER_NOMBRE, SEGUNDO_NOMBRE, PRIMER_APELLIDO, SEGUNDO_APELLIDO, PUESTO, ACTIVO, CORREO_ELECTRONICO, TELEFONO, DIRECCION, PROVINCIA, CANTON, DISTRITO) VALUES ('Pedro', 'Alonso', 'Carrillo', 'Quesada','Doctor Especialista', 'S', 'pedro.alonso@clinicabiblica.com', '8501-9900', 'Escazú Centro', 'San José', 'Escazú', 'San Rafael');
INSERT INTO PERSONAL (PRIMER_NOMBRE, SEGUNDO_NOMBRE, PRIMER_APELLIDO, SEGUNDO_APELLIDO, PUESTO, ACTIVO, CORREO_ELECTRONICO, TELEFONO, DIRECCION, PROVINCIA, CANTON, DISTRITO) VALUES ('Valeria', 'Nicole', 'Murillo', 'González', 'Asistente Médica', 'N', 'valeria.nicole@clinicabiblica.com', '8700-7788', 'La Sabana', 'San José', 'San José', 'Mata Redonda');
INSERT INTO PERSONAL (PRIMER_NOMBRE, SEGUNDO_NOMBRE, PRIMER_APELLIDO, SEGUNDO_APELLIDO, PUESTO, ACTIVO, CORREO_ELECTRONICO, TELEFONO, DIRECCION, PROVINCIA, CANTON, DISTRITO) VALUES ('Ricardo', 'Manuel', 'Navarrete', 'Umaña', 'Técnico de Laboratorio', 'S', 'ricardo.manuel@clinicabiblica.com', '8891-5533', 'San Isidro', 'Heredia', 'Heredia', 'San Isidro');
INSERT INTO PERSONAL (PRIMER_NOMBRE, SEGUNDO_NOMBRE, PRIMER_APELLIDO, SEGUNDO_APELLIDO, PUESTO, ACTIVO, CORREO_ELECTRONICO, TELEFONO, DIRECCION, PROVINCIA, CANTON, DISTRITO) VALUES ('Gabriela', 'Elena', 'Pineda', 'Rodríguez', 'Enfermera Jefe', 'S', 'gabriela.elena@clinicabiblica.com', '8512-4411', 'Barrio México', 'San José', 'San José', 'Merced');
INSERT INTO PERSONAL (PRIMER_NOMBRE, SEGUNDO_NOMBRE, PRIMER_APELLIDO, SEGUNDO_APELLIDO, PUESTO, ACTIVO, CORREO_ELECTRONICO, TELEFONO, DIRECCION, PROVINCIA, CANTON, DISTRITO) VALUES ('Daniel', 'Eduardo', 'Barrantes', 'Durán', 'Paramédico', 'N', 'daniel.eduardo@clinicabiblica.com', '8833-2244', 'Cartago Centro', 'Cartago', 'Cartago', 'Oriental');
INSERT INTO PERSONAL (PRIMER_NOMBRE, SEGUNDO_NOMBRE, PRIMER_APELLIDO, SEGUNDO_APELLIDO, PUESTO, ACTIVO, CORREO_ELECTRONICO, TELEFONO, DIRECCION, PROVINCIA, CANTON, DISTRITO) VALUES ('Sofía', 'María', 'Sandoval', 'Pérez', 'Doctora Pediatra', 'S', 'sofia.maria@clinicabiblica.com', '8708-1122', 'Desamparados', 'San José', 'Desamparados', 'San Miguel');
INSERT INTO PERSONAL (PRIMER_NOMBRE, SEGUNDO_NOMBRE, PRIMER_APELLIDO, SEGUNDO_APELLIDO, PUESTO, ACTIVO, CORREO_ELECTRONICO, TELEFONO, DIRECCION, PROVINCIA, CANTON, DISTRITO) VALUES ('Felipe', 'Andrés', 'Figueroa', 'Mora', 'Guardia de Seguridad', 'S', 'felipe.andres@clinicabiblica.com', '8700-1122', 'San Sebastián', 'San José', 'San José', 'Hospital');
INSERT INTO PERSONAL (PRIMER_NOMBRE, SEGUNDO_NOMBRE, PRIMER_APELLIDO, SEGUNDO_APELLIDO, PUESTO, ACTIVO, CORREO_ELECTRONICO, TELEFONO, DIRECCION, PROVINCIA, CANTON, DISTRITO) VALUES ('Paula', 'Jimena', 'Duarte', 'Morales', 'Doctora Ginecóloga', 'S', 'paula.jimena@clinicabiblica.com', '8882-6677', 'San Pedro', 'San José', 'Montes de Oca', 'San Pedro');
INSERT INTO PERSONAL (PRIMER_NOMBRE, SEGUNDO_NOMBRE, PRIMER_APELLIDO, SEGUNDO_APELLIDO, PUESTO, ACTIVO, CORREO_ELECTRONICO, TELEFONO, DIRECCION, PROVINCIA, CANTON, DISTRITO) VALUES ('Francisco', 'Javier', 'Vargas', 'Palacios', 'Chofer de Ambulancia', 'N', 'francisco.javier@clinicabiblica.com', '8510-7788', 'Alajuela Centro', 'Alajuela', 'Alajuela', 'Canoas');
INSERT INTO PERSONAL (PRIMER_NOMBRE, SEGUNDO_NOMBRE, PRIMER_APELLIDO, SEGUNDO_APELLIDO, PUESTO, ACTIVO, CORREO_ELECTRONICO, TELEFONO, DIRECCION, PROVINCIA, CANTON, DISTRITO) VALUES ('Tatiana', 'Rebeca', 'Paniagua', 'Araya', 'Recepcionista', 'S', 'tatiana.rebeca@clinicabiblica.com', '8821-2200', 'Sabanilla', 'San José', 'Montes de Oca', 'Sabanilla');
INSERT INTO PERSONAL (PRIMER_NOMBRE, SEGUNDO_NOMBRE, PRIMER_APELLIDO, SEGUNDO_APELLIDO, PUESTO, ACTIVO, CORREO_ELECTRONICO, TELEFONO, DIRECCION, PROVINCIA, CANTON, DISTRITO) VALUES ('Jorge', 'Manuel', 'Anchía', 'Bolaños', 'Doctor Cirujano', 'S', 'jorge.manuel@clinicabiblica.com', '8709-3344', 'Heredia Centro', 'Heredia', 'Heredia', 'Mercedes');
INSERT INTO PERSONAL (PRIMER_NOMBRE, SEGUNDO_NOMBRE, PRIMER_APELLIDO, SEGUNDO_APELLIDO, PUESTO, ACTIVO, CORREO_ELECTRONICO, TELEFONO, DIRECCION, PROVINCIA, CANTON, DISTRITO) VALUES ('Claudia', 'Marisol', 'Bustos', 'Hernández', 'Secretaria', 'S', 'claudia.marisol@clinicabiblica.com', '8891-4455', 'Curridabat', 'San José', 'Curridabat', 'Granadilla');
INSERT INTO PERSONAL (PRIMER_NOMBRE, SEGUNDO_NOMBRE, PRIMER_APELLIDO, SEGUNDO_APELLIDO, PUESTO, ACTIVO, CORREO_ELECTRONICO, TELEFONO, DIRECCION, PROVINCIA, CANTON, DISTRITO) VALUES ('Oscar', 'Adrián', 'Coronado', 'Ortiz', 'Doctor Internista', 'S', 'oscar.adrian@clinicabiblica.com', '8704-7766', 'Heredia', 'Heredia', 'San Pablo', 'San Pablo');
INSERT INTO PERSONAL (PRIMER_NOMBRE, SEGUNDO_NOMBRE, PRIMER_APELLIDO, SEGUNDO_APELLIDO, PUESTO, ACTIVO, CORREO_ELECTRONICO, TELEFONO, DIRECCION, PROVINCIA, CANTON, DISTRITO) VALUES ('Natalia', 'Patricia', 'Guillén', 'Vargas', 'Asistente Administrativa', 'S', 'natalia.patricia@clinicabiblica.com', '8990-4411', 'Guadalupe', 'San José', 'Goicoechea', 'Guadalupe');
INSERT INTO PERSONAL (PRIMER_NOMBRE, SEGUNDO_NOMBRE, PRIMER_APELLIDO, SEGUNDO_APELLIDO, PUESTO, ACTIVO, CORREO_ELECTRONICO, TELEFONO, DIRECCION, PROVINCIA, CANTON, DISTRITO) VALUES ('Rodrigo', 'Alberto', 'Zúñiga', 'Palacios', 'Doctor Cardiologo', 'S', 'rodrigo.alberto@clinicabiblica.com', '8810-9900', 'San José Centro', 'San José', 'San José', 'Catedral');
INSERT INTO PERSONAL (PRIMER_NOMBRE, SEGUNDO_NOMBRE, PRIMER_APELLIDO, SEGUNDO_APELLIDO, PUESTO, ACTIVO, CORREO_ELECTRONICO, TELEFONO, DIRECCION, PROVINCIA, CANTON, DISTRITO) VALUES ('Melissa', 'Lorena', 'Sánchez', 'Calderón', 'Enfermera Asistente', 'S', 'melissa.lorena@clinicabiblica.com', '8705-2211', 'San Francisco', 'Heredia', 'Heredia', 'San Francisco');
INSERT INTO PERSONAL (PRIMER_NOMBRE, SEGUNDO_NOMBRE, PRIMER_APELLIDO, SEGUNDO_APELLIDO, PUESTO, ACTIVO, CORREO_ELECTRONICO, TELEFONO, DIRECCION, PROVINCIA, CANTON, DISTRITO) VALUES ('Fernando', 'José', 'Obando', 'Aguilar', 'Doctor Anestesiólogo', 'S', 'fernando.jose@clinicabiblica.com', '8888-3344', 'San Pablo', 'Heredia', 'Heredia', 'San Pablo');
INSERT INTO PERSONAL (PRIMER_NOMBRE, SEGUNDO_NOMBRE, PRIMER_APELLIDO, SEGUNDO_APELLIDO, PUESTO, ACTIVO, CORREO_ELECTRONICO, TELEFONO, DIRECCION, PROVINCIA, CANTON, DISTRITO) VALUES ('Patricia', 'María', 'Restrepo', 'Herra', 'Secretaria Médica', 'S', 'patricia.maria@clinicabiblica.com', '8720-6655', 'Curridabat', 'San José', 'Curridabat', 'Granadilla');
INSERT INTO PERSONAL (PRIMER_NOMBRE, SEGUNDO_NOMBRE, PRIMER_APELLIDO, SEGUNDO_APELLIDO, PUESTO, ACTIVO, CORREO_ELECTRONICO, TELEFONO, DIRECCION, PROVINCIA, CANTON, DISTRITO) VALUES ('Sergio', 'Alejandro', 'Carvajal', 'Azofeifa', 'Médico Residente', 'N', 'sergio.alejandro@clinicabiblica.com', '8833-7766', 'La Sabana', 'San José', 'San José', 'Mata Redonda');
INSERT INTO PERSONAL (PRIMER_NOMBRE, SEGUNDO_NOMBRE, PRIMER_APELLIDO, SEGUNDO_APELLIDO, PUESTO, ACTIVO, CORREO_ELECTRONICO, TELEFONO, DIRECCION, PROVINCIA, CANTON, DISTRITO) VALUES ('Mariela', 'Cecilia', 'Fallas', 'Blanco', 'Asistente de Laboratorio', 'S', 'mariela.cecilia@clinicabiblica.com', '8701-9900', 'Tres Ríos', 'Cartago', 'La Unión', 'Tres Ríos');
INSERT INTO PERSONAL (PRIMER_NOMBRE, SEGUNDO_NOMBRE, PRIMER_APELLIDO, SEGUNDO_APELLIDO, PUESTO, ACTIVO, CORREO_ELECTRONICO, TELEFONO, DIRECCION, PROVINCIA, CANTON, DISTRITO) VALUES ('Alberto', 'David', 'Madrigal', 'Porras', 'Contador', 'S', 'alberto.david@clinicabiblica.com', '8811-2233', 'San Pedro', 'San José', 'Montes de Oca', 'San Pedro');
INSERT INTO PERSONAL (PRIMER_NOMBRE, SEGUNDO_NOMBRE, PRIMER_APELLIDO, SEGUNDO_APELLIDO, PUESTO, ACTIVO, CORREO_ELECTRONICO, TELEFONO, DIRECCION, PROVINCIA, CANTON, DISTRITO) VALUES ('Cristina', 'Marcela', 'Cubero', 'Flores', 'Doctora General', 'S', 'cristina.marcela@clinicabiblica.com', '8500-4455', 'Alajuela Centro', 'Alajuela', 'Alajuela', 'Desamparados');
INSERT INTO PERSONAL (PRIMER_NOMBRE, SEGUNDO_NOMBRE, PRIMER_APELLIDO, SEGUNDO_APELLIDO, PUESTO, ACTIVO, CORREO_ELECTRONICO, TELEFONO, DIRECCION, PROVINCIA, CANTON, DISTRITO) VALUES ('Ricardo', 'Antonio', 'Alfaro', 'Arias', 'Mecánico de Equipo Médico', 'N', 'ricardo.antonio@clinicabiblica.com', '8900-9911', 'Pavas', 'San José', 'San José', 'Pavas');
INSERT INTO PERSONAL (PRIMER_NOMBRE, SEGUNDO_NOMBRE, PRIMER_APELLIDO, SEGUNDO_APELLIDO, PUESTO, ACTIVO, CORREO_ELECTRONICO, TELEFONO, DIRECCION, PROVINCIA, CANTON, DISTRITO) VALUES ('Verónica', 'Sofía', 'Villalobos', 'Soto', 'Doctora Oftalmóloga', 'S', 'veronica.sofia@clinicabiblica.com', '8706-5533', 'Guadalupe', 'San José', 'Goicoechea', 'Guadalupe');
INSERT INTO PERSONAL (PRIMER_NOMBRE, SEGUNDO_NOMBRE, PRIMER_APELLIDO, SEGUNDO_APELLIDO, PUESTO, ACTIVO, CORREO_ELECTRONICO, TELEFONO, DIRECCION, PROVINCIA, CANTON, DISTRITO) VALUES ('Luis', 'Enrique', 'Brenes', 'Castillo', 'Doctor Internista', 'S', 'luis.enrique@clinicabiblica.com', '8882-7700', 'Heredia Centro', 'Heredia', 'Heredia', 'Mercedes');
INSERT INTO PERSONAL (PRIMER_NOMBRE, SEGUNDO_NOMBRE, PRIMER_APELLIDO, SEGUNDO_APELLIDO, PUESTO, ACTIVO, CORREO_ELECTRONICO, TELEFONO, DIRECCION, PROVINCIA, CANTON, DISTRITO) VALUES ('Paola', 'Jimena', 'Carazo', 'Peralta', 'Enfermera Asistente', 'S', 'paola.jimena@clinicabiblica.com', '8700-2211', 'San Rafael', 'Heredia', 'Heredia', 'San Rafael');
INSERT INTO PERSONAL (PRIMER_NOMBRE, SEGUNDO_NOMBRE, PRIMER_APELLIDO, SEGUNDO_APELLIDO, PUESTO, ACTIVO, CORREO_ELECTRONICO, TELEFONO, DIRECCION, PROVINCIA, CANTON, DISTRITO) VALUES ('Gustavo', 'Miguel', 'Campos', 'Valverde', 'Doctor Geriatra', 'S', 'gustavo.miguel@clinicabiblica.com', '8709-9988', 'San Pablo', 'Heredia', 'Heredia', 'San Pablo');
INSERT INTO PERSONAL (PRIMER_NOMBRE, SEGUNDO_NOMBRE, PRIMER_APELLIDO, SEGUNDO_APELLIDO, PUESTO, ACTIVO, CORREO_ELECTRONICO, TELEFONO, DIRECCION, PROVINCIA, CANTON, DISTRITO) VALUES ('Karla', 'Beatriz', 'Chaves', 'Bonilla', 'Técnico de Rayos X', 'S', 'karla.beatriz@clinicabiblica.com', '8890-5555', 'Desamparados', 'San José', 'Desamparados', 'San Miguel');
INSERT INTO PERSONAL (PRIMER_NOMBRE, SEGUNDO_NOMBRE, PRIMER_APELLIDO, SEGUNDO_APELLIDO, PUESTO, ACTIVO, CORREO_ELECTRONICO, TELEFONO, DIRECCION, PROVINCIA, CANTON, DISTRITO) VALUES ('Rodrigo', 'Enrique', 'Alvarado', 'Montolla', 'Doctor Neurólogo', 'N', 'rodrigo.enrique@clinicabiblica.com', '8723-6677', 'Escazú', 'San José', 'Escazú', 'San Antonio');
INSERT INTO PERSONAL (PRIMER_NOMBRE, SEGUNDO_NOMBRE, PRIMER_APELLIDO, SEGUNDO_APELLIDO, PUESTO, ACTIVO, CORREO_ELECTRONICO, TELEFONO, DIRECCION, PROVINCIA, CANTON, DISTRITO) VALUES ('Silvia', 'Cecilia', 'Palma', 'Cordero', 'Nutricionista', 'S', 'silvia.cecilia@clinicabiblica.com', '8701-3344', 'Guadalupe', 'San José', 'Goicoechea', 'Guadalupe');
INSERT INTO PERSONAL (PRIMER_NOMBRE, SEGUNDO_NOMBRE, PRIMER_APELLIDO, SEGUNDO_APELLIDO, PUESTO, ACTIVO, CORREO_ELECTRONICO, TELEFONO, DIRECCION, PROVINCIA, CANTON, DISTRITO) VALUES ('Julio', 'Manuel', 'Salas', 'Herrera', 'Doctor Oncólogo', 'S', 'julio.manuel@clinicabiblica.com', '8710-6655', 'Heredia', 'Heredia', 'San Isidro', 'San Isidro');
INSERT INTO PERSONAL (PRIMER_NOMBRE, SEGUNDO_NOMBRE, PRIMER_APELLIDO, SEGUNDO_APELLIDO, PUESTO, ACTIVO, CORREO_ELECTRONICO, TELEFONO, DIRECCION, PROVINCIA, CANTON, DISTRITO) VALUES ('Lucía', 'Fernanda', 'Arguedas', 'Esquivel', 'Asistente Administrativa', 'S', 'lucia.fernanda@clinicabiblica.com', '8811-7733', 'Barrio Luján', 'San José', 'San José', 'Hospital');
INSERT INTO PERSONAL (PRIMER_NOMBRE, SEGUNDO_NOMBRE, PRIMER_APELLIDO, SEGUNDO_APELLIDO, PUESTO, ACTIVO, CORREO_ELECTRONICO, TELEFONO, DIRECCION, PROVINCIA, CANTON, DISTRITO) VALUES ('Mauricio', 'Alonso', 'Matarrita', 'Viquez', 'Doctor Ortopedista', 'S', 'mauricio.alonso@clinicabiblica.com', '8500-1199', 'San José', 'San José', 'San José', 'Mata Redonda');
INSERT INTO PERSONAL (PRIMER_NOMBRE, SEGUNDO_NOMBRE, PRIMER_APELLIDO, SEGUNDO_APELLIDO, PUESTO, ACTIVO, CORREO_ELECTRONICO, TELEFONO, DIRECCION, PROVINCIA, CANTON, DISTRITO) VALUES ('Carmen', 'Rosa', 'Jiménez', 'Vargas', 'Encargada de Limpieza', 'S', 'carmen.rosa@clinicabiblica.com', '8822-1199', 'Curridabat', 'San José', 'Curridabat', 'Granadilla');
COMMIT;

-- ==================== TABLAS CON DEPENDENCIAS ====================

-- 7. MEDICO (depende de PERSONAL y AGENDA_HORARIO)
-- Cambio de Adry: Agregado ID_HORARIO para que los médicos tengan horarios visibles
-- ID_HORARIO: 1=Lunes Mañana, 2=Lunes Tarde, 3=Martes Mañana, etc. (valores 1-10)
INSERT INTO MEDICO (ID_PERSONAL, ID_HORARIO) VALUES (1, 1);   -- Lunes Mañana
INSERT INTO MEDICO (ID_PERSONAL, ID_HORARIO) VALUES (2, 2);   -- Lunes Tarde
INSERT INTO MEDICO (ID_PERSONAL, ID_HORARIO) VALUES (6, 3);   -- Martes Mañana
INSERT INTO MEDICO (ID_PERSONAL, ID_HORARIO) VALUES (11, 4);  -- Martes Tarde
INSERT INTO MEDICO (ID_PERSONAL, ID_HORARIO) VALUES (13, 5);  -- Miércoles Mañana
INSERT INTO MEDICO (ID_PERSONAL, ID_HORARIO) VALUES (15, 6);  -- Miércoles Tarde
INSERT INTO MEDICO (ID_PERSONAL, ID_HORARIO) VALUES (17, 7);  -- Jueves Mañana
INSERT INTO MEDICO (ID_PERSONAL, ID_HORARIO) VALUES (18, 8);  -- Jueves Tarde
INSERT INTO MEDICO (ID_PERSONAL, ID_HORARIO) VALUES (19, 9);  -- Viernes Mañana
INSERT INTO MEDICO (ID_PERSONAL, ID_HORARIO) VALUES (20, 10); -- Viernes Tarde
INSERT INTO MEDICO (ID_PERSONAL, ID_HORARIO) VALUES (21, 1);  -- Lunes Mañana
INSERT INTO MEDICO (ID_PERSONAL, ID_HORARIO) VALUES (23, 2);  -- Lunes Tarde
INSERT INTO MEDICO (ID_PERSONAL, ID_HORARIO) VALUES (25, 3);  -- Martes Mañana
INSERT INTO MEDICO (ID_PERSONAL, ID_HORARIO) VALUES (27, 4);  -- Martes Tarde
INSERT INTO MEDICO (ID_PERSONAL, ID_HORARIO) VALUES (30, 5);  -- Miércoles Mañana
INSERT INTO MEDICO (ID_PERSONAL, ID_HORARIO) VALUES (32, 6);  -- Miércoles Tarde
INSERT INTO MEDICO (ID_PERSONAL, ID_HORARIO) VALUES (35, 7);  -- Jueves Mañana
INSERT INTO MEDICO (ID_PERSONAL, ID_HORARIO) VALUES (37, 8);  -- Jueves Tarde
INSERT INTO MEDICO (ID_PERSONAL, ID_HORARIO) VALUES (38, 9);  -- Viernes Mañana
INSERT INTO MEDICO (ID_PERSONAL, ID_HORARIO) VALUES (39, 10); -- Viernes Tarde
COMMIT;

-- 8. MEDICO_ESPECIALIDAD (depende de MEDICO y ESPECIALIDAD)
INSERT INTO MEDICO_ESPECIALIDAD (ID_MEDICO, ID_ESPECIALIDAD, DESDE, HASTA) VALUES (1, 1, TO_DATE('01-01-2020', 'DD-MM-YYYY'), NULL);
INSERT INTO MEDICO_ESPECIALIDAD (ID_MEDICO, ID_ESPECIALIDAD, DESDE, HASTA) VALUES (2, 4, TO_DATE('15-03-2019', 'DD-MM-YYYY'), NULL);
INSERT INTO MEDICO_ESPECIALIDAD (ID_MEDICO, ID_ESPECIALIDAD, DESDE, HASTA) VALUES (3, 2, TO_DATE('10-07-2018', 'DD-MM-YYYY'), NULL);
INSERT INTO MEDICO_ESPECIALIDAD (ID_MEDICO, ID_ESPECIALIDAD, DESDE, HASTA) VALUES (4, 3, TO_DATE('05-02-2021', 'DD-MM-YYYY'), NULL);
INSERT INTO MEDICO_ESPECIALIDAD (ID_MEDICO, ID_ESPECIALIDAD, DESDE, HASTA) VALUES (5, 5, TO_DATE('20-08-2017', 'DD-MM-YYYY'), NULL);
INSERT INTO MEDICO_ESPECIALIDAD (ID_MEDICO, ID_ESPECIALIDAD, DESDE, HASTA) VALUES (6, 6, TO_DATE('10-01-2020', 'DD-MM-YYYY'), NULL);
INSERT INTO MEDICO_ESPECIALIDAD (ID_MEDICO, ID_ESPECIALIDAD, DESDE, HASTA) VALUES (7, 8, TO_DATE('14-05-2019', 'DD-MM-YYYY'), NULL);
INSERT INTO MEDICO_ESPECIALIDAD (ID_MEDICO, ID_ESPECIALIDAD, DESDE, HASTA) VALUES (8, 7, TO_DATE('25-09-2021', 'DD-MM-YYYY'), NULL);
INSERT INTO MEDICO_ESPECIALIDAD (ID_MEDICO, ID_ESPECIALIDAD, DESDE, HASTA) VALUES (9, 9, TO_DATE('30-06-2018', 'DD-MM-YYYY'), NULL);
INSERT INTO MEDICO_ESPECIALIDAD (ID_MEDICO, ID_ESPECIALIDAD, DESDE, HASTA) VALUES (10, 10, TO_DATE('05-11-2016', 'DD-MM-YYYY'), NULL);
INSERT INTO MEDICO_ESPECIALIDAD (ID_MEDICO, ID_ESPECIALIDAD, DESDE, HASTA) VALUES (11, 2, TO_DATE('01-04-2015', 'DD-MM-YYYY'), NULL);
INSERT INTO MEDICO_ESPECIALIDAD (ID_MEDICO, ID_ESPECIALIDAD, DESDE, HASTA) VALUES (12, 3, TO_DATE('10-10-2020', 'DD-MM-YYYY'), NULL);
INSERT INTO MEDICO_ESPECIALIDAD (ID_MEDICO, ID_ESPECIALIDAD, DESDE, HASTA) VALUES (13, 4, TO_DATE('05-07-2019', 'DD-MM-YYYY'), NULL);
INSERT INTO MEDICO_ESPECIALIDAD (ID_MEDICO, ID_ESPECIALIDAD, DESDE, HASTA) VALUES (14, 1, TO_DATE('18-03-2017', 'DD-MM-YYYY'), NULL);
INSERT INTO MEDICO_ESPECIALIDAD (ID_MEDICO, ID_ESPECIALIDAD, DESDE, HASTA) VALUES (15, 5, TO_DATE('22-06-2018', 'DD-MM-YYYY'), NULL);
INSERT INTO MEDICO_ESPECIALIDAD (ID_MEDICO, ID_ESPECIALIDAD, DESDE, HASTA) VALUES (16, 9, TO_DATE('15-01-2020', 'DD-MM-YYYY'), NULL);
INSERT INTO MEDICO_ESPECIALIDAD (ID_MEDICO, ID_ESPECIALIDAD, DESDE, HASTA) VALUES (17, 7, TO_DATE('11-02-2021', 'DD-MM-YYYY'), NULL);
INSERT INTO MEDICO_ESPECIALIDAD (ID_MEDICO, ID_ESPECIALIDAD, DESDE, HASTA) VALUES (18, 6, TO_DATE('07-09-2019', 'DD-MM-YYYY'), NULL);
INSERT INTO MEDICO_ESPECIALIDAD (ID_MEDICO, ID_ESPECIALIDAD, DESDE, HASTA) VALUES (19, 10, TO_DATE('01-05-2018', 'DD-MM-YYYY'), NULL);
INSERT INTO MEDICO_ESPECIALIDAD (ID_MEDICO, ID_ESPECIALIDAD, DESDE, HASTA) VALUES (20, 8, TO_DATE('03-03-2016', 'DD-MM-YYYY'), NULL);
COMMIT;

-- 9. CONSULTORIO (depende de CLINICA)
INSERT INTO CONSULTORIO (ID_CLINICA, NOMBRE, TIPO) VALUES (1, 'Consultorio 1', 'Medicina General');
INSERT INTO CONSULTORIO (ID_CLINICA, NOMBRE, TIPO) VALUES (1, 'Consultorio 2', 'Medicina General');
INSERT INTO CONSULTORIO (ID_CLINICA, NOMBRE, TIPO) VALUES (1, 'Consultorio 3', 'Medicina General');
INSERT INTO CONSULTORIO (ID_CLINICA, NOMBRE, TIPO) VALUES (1, 'Consultorio 4', 'Medicina General');
INSERT INTO CONSULTORIO (ID_CLINICA, NOMBRE, TIPO) VALUES (1, 'Consultorio 5', 'Medicina General');
INSERT INTO CONSULTORIO (ID_CLINICA, NOMBRE, TIPO) VALUES (2, 'Consultorio 6', 'Medicina General');
INSERT INTO CONSULTORIO (ID_CLINICA, NOMBRE, TIPO) VALUES (2, 'Consultorio 7', 'Medicina General');
INSERT INTO CONSULTORIO (ID_CLINICA, NOMBRE, TIPO) VALUES (2, 'Consultorio 8', 'Medicina General');
INSERT INTO CONSULTORIO (ID_CLINICA, NOMBRE, TIPO) VALUES (2, 'Consultorio 9', 'Medicina General');
INSERT INTO CONSULTORIO (ID_CLINICA, NOMBRE, TIPO) VALUES (2, 'Consultorio 10', 'Medicina General');
COMMIT;

-- 10. AGENDA_MEDICA (depende de MEDICO, CONSULTORIO y AGENDA_HORARIO) - CRÍTICO PARA CITAS
-- Cambio de Adry: Agregada columna ID_HORARIO para relacionar con AGENDA_HORARIO (valores de 1-10)
INSERT INTO AGENDA_MEDICA (ID_AGENDA, ID_MEDICO, ID_CONSULTORIO, ID_HORARIO, VIGENTE_DESDE, VIGENTE_HASTA) VALUES (1, 1, 1, 1, TO_DATE('2024-01-01', 'YYYY-MM-DD'), NULL);
INSERT INTO AGENDA_MEDICA (ID_AGENDA, ID_MEDICO, ID_CONSULTORIO, ID_HORARIO, VIGENTE_DESDE, VIGENTE_HASTA) VALUES (2, 2, 2, 2, TO_DATE('2024-01-01', 'YYYY-MM-DD'), NULL);
INSERT INTO AGENDA_MEDICA (ID_AGENDA, ID_MEDICO, ID_CONSULTORIO, ID_HORARIO, VIGENTE_DESDE, VIGENTE_HASTA) VALUES (3, 3, 3, 3, TO_DATE('2024-01-01', 'YYYY-MM-DD'), NULL);
INSERT INTO AGENDA_MEDICA (ID_AGENDA, ID_MEDICO, ID_CONSULTORIO, ID_HORARIO, VIGENTE_DESDE, VIGENTE_HASTA) VALUES (4, 4, 4, 4, TO_DATE('2024-01-01', 'YYYY-MM-DD'), NULL);
INSERT INTO AGENDA_MEDICA (ID_AGENDA, ID_MEDICO, ID_CONSULTORIO, ID_HORARIO, VIGENTE_DESDE, VIGENTE_HASTA) VALUES (5, 5, 5, 5, TO_DATE('2024-01-01', 'YYYY-MM-DD'), NULL);
INSERT INTO AGENDA_MEDICA (ID_AGENDA, ID_MEDICO, ID_CONSULTORIO, ID_HORARIO, VIGENTE_DESDE, VIGENTE_HASTA) VALUES (6, 6, 6, 6, TO_DATE('2024-01-01', 'YYYY-MM-DD'), NULL);
INSERT INTO AGENDA_MEDICA (ID_AGENDA, ID_MEDICO, ID_CONSULTORIO, ID_HORARIO, VIGENTE_DESDE, VIGENTE_HASTA) VALUES (7, 7, 7, 7, TO_DATE('2024-01-01', 'YYYY-MM-DD'), NULL);
INSERT INTO AGENDA_MEDICA (ID_AGENDA, ID_MEDICO, ID_CONSULTORIO, ID_HORARIO, VIGENTE_DESDE, VIGENTE_HASTA) VALUES (8, 8, 8, 8, TO_DATE('2024-01-01', 'YYYY-MM-DD'), NULL);
INSERT INTO AGENDA_MEDICA (ID_AGENDA, ID_MEDICO, ID_CONSULTORIO, ID_HORARIO, VIGENTE_DESDE, VIGENTE_HASTA) VALUES (9, 9, 9, 9, TO_DATE('2024-01-01', 'YYYY-MM-DD'), NULL);
INSERT INTO AGENDA_MEDICA (ID_AGENDA, ID_MEDICO, ID_CONSULTORIO, ID_HORARIO, VIGENTE_DESDE, VIGENTE_HASTA) VALUES (10, 10, 10, 10, TO_DATE('2024-01-01', 'YYYY-MM-DD'), NULL);
INSERT INTO AGENDA_MEDICA (ID_AGENDA, ID_MEDICO, ID_CONSULTORIO, ID_HORARIO, VIGENTE_DESDE, VIGENTE_HASTA) VALUES (11, 11, 1, 1, TO_DATE('2024-02-01', 'YYYY-MM-DD'), NULL);
INSERT INTO AGENDA_MEDICA (ID_AGENDA, ID_MEDICO, ID_CONSULTORIO, ID_HORARIO, VIGENTE_DESDE, VIGENTE_HASTA) VALUES (12, 12, 2, 2, TO_DATE('2024-02-01', 'YYYY-MM-DD'), NULL);
INSERT INTO AGENDA_MEDICA (ID_AGENDA, ID_MEDICO, ID_CONSULTORIO, ID_HORARIO, VIGENTE_DESDE, VIGENTE_HASTA) VALUES (13, 13, 3, 3, TO_DATE('2024-02-01', 'YYYY-MM-DD'), NULL);
INSERT INTO AGENDA_MEDICA (ID_AGENDA, ID_MEDICO, ID_CONSULTORIO, ID_HORARIO, VIGENTE_DESDE, VIGENTE_HASTA) VALUES (14, 14, 4, 4, TO_DATE('2024-02-01', 'YYYY-MM-DD'), NULL);
INSERT INTO AGENDA_MEDICA (ID_AGENDA, ID_MEDICO, ID_CONSULTORIO, ID_HORARIO, VIGENTE_DESDE, VIGENTE_HASTA) VALUES (15, 15, 5, 5, TO_DATE('2024-02-01', 'YYYY-MM-DD'), NULL);
INSERT INTO AGENDA_MEDICA (ID_AGENDA, ID_MEDICO, ID_CONSULTORIO, ID_HORARIO, VIGENTE_DESDE, VIGENTE_HASTA) VALUES (16, 16, 6, 6, TO_DATE('2024-02-01', 'YYYY-MM-DD'), NULL);
INSERT INTO AGENDA_MEDICA (ID_AGENDA, ID_MEDICO, ID_CONSULTORIO, ID_HORARIO, VIGENTE_DESDE, VIGENTE_HASTA) VALUES (17, 17, 7, 7, TO_DATE('2024-02-01', 'YYYY-MM-DD'), NULL);
INSERT INTO AGENDA_MEDICA (ID_AGENDA, ID_MEDICO, ID_CONSULTORIO, ID_HORARIO, VIGENTE_DESDE, VIGENTE_HASTA) VALUES (18, 18, 8, 8, TO_DATE('2024-02-01', 'YYYY-MM-DD'), NULL);
INSERT INTO AGENDA_MEDICA (ID_AGENDA, ID_MEDICO, ID_CONSULTORIO, ID_HORARIO, VIGENTE_DESDE, VIGENTE_HASTA) VALUES (19, 19, 9, 9, TO_DATE('2024-02-01', 'YYYY-MM-DD'), NULL);
INSERT INTO AGENDA_MEDICA (ID_AGENDA, ID_MEDICO, ID_CONSULTORIO, ID_HORARIO, VIGENTE_DESDE, VIGENTE_HASTA) VALUES (20, 20, 10, 10, TO_DATE('2024-02-01', 'YYYY-MM-DD'), NULL);
COMMIT;

-- 11. CITA (depende de PACIENTE, MEDICO, CONSULTORIO, ESTADO_CITA, MOTIVO_CANCELACION, AGENDA_MEDICA)
INSERT INTO CITA (ID_PACIENTE, ID_MEDICO, ID_CONSULTORIO, ID_ESTADO, ID_MOTIVO_CANCELACION, ID_AGENDA, FECHA, HORA_AGENDADA_INICIO, HORA_AGENDADA_FIN, OBSERVACIONES) 
VALUES (12, 10, 3, 2, NULL, 14, TO_DATE('04-11-2025','DD-MM-YYYY'), TO_TIMESTAMP('2025-11-04 09:44','YYYY-MM-DD HH24:MI'), TO_TIMESTAMP('2025-11-04 10:14','YYYY-MM-DD HH24:MI'), 'Consulta generada automáticamente.');

INSERT INTO CITA (ID_PACIENTE, ID_MEDICO, ID_CONSULTORIO, ID_ESTADO, ID_MOTIVO_CANCELACION, ID_AGENDA, FECHA, HORA_AGENDADA_INICIO, HORA_AGENDADA_FIN, OBSERVACIONES) 
VALUES (3, 13, 2, 1, NULL, 20, TO_DATE('05-11-2025','DD-MM-YYYY'), TO_TIMESTAMP('2025-11-05 08:48','YYYY-MM-DD HH24:MI'), TO_TIMESTAMP('2025-11-05 09:18','YYYY-MM-DD HH24:MI'), 'Consulta generada automáticamente.');

INSERT INTO CITA (ID_PACIENTE, ID_MEDICO, ID_CONSULTORIO, ID_ESTADO, ID_MOTIVO_CANCELACION, ID_AGENDA, FECHA, HORA_AGENDADA_INICIO, HORA_AGENDADA_FIN, OBSERVACIONES) 
VALUES (14, 16, 7, 3, 1, 17, TO_DATE('06-11-2025','DD-MM-YYYY'), TO_TIMESTAMP('2025-11-06 10:17','YYYY-MM-DD HH24:MI'), TO_TIMESTAMP('2025-11-06 10:47','YYYY-MM-DD HH24:MI'), 'Consulta generada automáticamente.');

INSERT INTO CITA (ID_PACIENTE, ID_MEDICO, ID_CONSULTORIO, ID_ESTADO, ID_MOTIVO_CANCELACION, ID_AGENDA, FECHA, HORA_AGENDADA_INICIO, HORA_AGENDADA_FIN, OBSERVACIONES) 
VALUES (7, 17, 9, 1, NULL, 1, TO_DATE('05-11-2025', 'DD-MM-YYYY'), TO_TIMESTAMP('2025-11-05 12:00', 'YYYY-MM-DD HH24:MI'), TO_TIMESTAMP('2025-11-05 12:30', 'YYYY-MM-DD HH24:MI'), 'Consulta generada automáticamente.');

INSERT INTO CITA (ID_PACIENTE, ID_MEDICO, ID_CONSULTORIO, ID_ESTADO, ID_MOTIVO_CANCELACION, ID_AGENDA, FECHA, HORA_AGENDADA_INICIO, HORA_AGENDADA_FIN, OBSERVACIONES) 
VALUES (9, 2, 6, 2, NULL, 19, TO_DATE('15-11-2025', 'DD-MM-YYYY'), TO_TIMESTAMP('2025-11-15 08:30', 'YYYY-MM-DD HH24:MI'), TO_TIMESTAMP('2025-11-15 09:00', 'YYYY-MM-DD HH24:MI'), 'Consulta generada automáticamente.');

INSERT INTO CITA (ID_PACIENTE, ID_MEDICO, ID_CONSULTORIO, ID_ESTADO, ID_MOTIVO_CANCELACION, ID_AGENDA, FECHA, HORA_AGENDADA_INICIO, HORA_AGENDADA_FIN, OBSERVACIONES) 
VALUES (18, 6, 3, 3, 1, 14, TO_DATE('09-11-2025', 'DD-MM-YYYY'), TO_TIMESTAMP('2025-11-09 13:45', 'YYYY-MM-DD HH24:MI'), TO_TIMESTAMP('2025-11-09 14:15', 'YYYY-MM-DD HH24:MI'), 'Consulta generada automáticamente.');

INSERT INTO CITA (ID_PACIENTE, ID_MEDICO, ID_CONSULTORIO, ID_ESTADO, ID_MOTIVO_CANCELACION, ID_AGENDA, FECHA, HORA_AGENDADA_INICIO, HORA_AGENDADA_FIN, OBSERVACIONES) 
VALUES (23, 2, 5, 1, NULL, 4, TO_DATE('05-11-2025', 'DD-MM-YYYY'), TO_TIMESTAMP('2025-11-05 08:00', 'YYYY-MM-DD HH24:MI'), TO_TIMESTAMP('2025-11-05 08:30', 'YYYY-MM-DD HH24:MI'), 'Consulta generada automáticamente.');

INSERT INTO CITA (ID_PACIENTE, ID_MEDICO, ID_CONSULTORIO, ID_ESTADO, ID_MOTIVO_CANCELACION, ID_AGENDA, FECHA, HORA_AGENDADA_INICIO, HORA_AGENDADA_FIN, OBSERVACIONES) 
VALUES (35, 18, 1, 2, NULL, 6, TO_DATE('06-11-2025', 'DD-MM-YYYY'), TO_TIMESTAMP('2025-11-06 08:30', 'YYYY-MM-DD HH24:MI'), TO_TIMESTAMP('2025-11-06 09:00', 'YYYY-MM-DD HH24:MI'), 'Consulta generada automáticamente.');

INSERT INTO CITA (ID_PACIENTE, ID_MEDICO, ID_CONSULTORIO, ID_ESTADO, ID_MOTIVO_CANCELACION, ID_AGENDA, FECHA, HORA_AGENDADA_INICIO, HORA_AGENDADA_FIN, OBSERVACIONES) 
VALUES (7, 9, 3, 3, 1, 9, TO_DATE('07-11-2025', 'DD-MM-YYYY'), TO_TIMESTAMP('2025-11-07 09:00', 'YYYY-MM-DD HH24:MI'), TO_TIMESTAMP('2025-11-07 09:30', 'YYYY-MM-DD HH24:MI'), 'Consulta generada automáticamente.');

INSERT INTO CITA (ID_PACIENTE, ID_MEDICO, ID_CONSULTORIO, ID_ESTADO, ID_MOTIVO_CANCELACION, ID_AGENDA, FECHA, HORA_AGENDADA_INICIO, HORA_AGENDADA_FIN, OBSERVACIONES) 
VALUES (49, 4, 10, 1, NULL, 14, TO_DATE('08-11-2025', 'DD-MM-YYYY'), TO_TIMESTAMP('2025-11-08 09:30', 'YYYY-MM-DD HH24:MI'), TO_TIMESTAMP('2025-11-08 10:00', 'YYYY-MM-DD HH24:MI'), 'Consulta generada automáticamente.');

INSERT INTO CITA (ID_PACIENTE, ID_MEDICO, ID_CONSULTORIO, ID_ESTADO, ID_MOTIVO_CANCELACION, ID_AGENDA, FECHA, HORA_AGENDADA_INICIO, HORA_AGENDADA_FIN, OBSERVACIONES) 
VALUES (13, 7, 7, 3, 2, 11, TO_DATE('09-11-2025', 'DD-MM-YYYY'), TO_TIMESTAMP('2025-11-09 10:00', 'YYYY-MM-DD HH24:MI'), TO_TIMESTAMP('2025-11-09 10:30', 'YYYY-MM-DD HH24:MI'), 'Consulta generada automáticamente.');

INSERT INTO CITA (ID_PACIENTE, ID_MEDICO, ID_CONSULTORIO, ID_ESTADO, ID_MOTIVO_CANCELACION, ID_AGENDA, FECHA, HORA_AGENDADA_INICIO, HORA_AGENDADA_FIN, OBSERVACIONES) 
VALUES (27, 12, 4, 1, NULL, 8, TO_DATE('10-11-2025', 'DD-MM-YYYY'), TO_TIMESTAMP('2025-11-10 10:30', 'YYYY-MM-DD HH24:MI'), TO_TIMESTAMP('2025-11-10 11:00', 'YYYY-MM-DD HH24:MI'), 'Consulta generada automáticamente.');

INSERT INTO CITA (ID_PACIENTE, ID_MEDICO, ID_CONSULTORIO, ID_ESTADO, ID_MOTIVO_CANCELACION, ID_AGENDA, FECHA, HORA_AGENDADA_INICIO, HORA_AGENDADA_FIN, OBSERVACIONES) 
VALUES (51, 1, 2, 2, NULL, 5, TO_DATE('11-11-2025', 'DD-MM-YYYY'), TO_TIMESTAMP('2025-11-11 11:00', 'YYYY-MM-DD HH24:MI'), TO_TIMESTAMP('2025-11-11 11:30', 'YYYY-MM-DD HH24:MI'), 'Consulta generada automáticamente.');

INSERT INTO CITA (ID_PACIENTE, ID_MEDICO, ID_CONSULTORIO, ID_ESTADO, ID_MOTIVO_CANCELACION, ID_AGENDA, FECHA, HORA_AGENDADA_INICIO, HORA_AGENDADA_FIN, OBSERVACIONES) 
VALUES (40, 15, 6, 3, 1, 13, TO_DATE('12-11-2025', 'DD-MM-YYYY'), TO_TIMESTAMP('2025-11-12 11:30', 'YYYY-MM-DD HH24:MI'), TO_TIMESTAMP('2025-11-12 12:00', 'YYYY-MM-DD HH24:MI'), 'Consulta generada automáticamente.');

INSERT INTO CITA (ID_PACIENTE, ID_MEDICO, ID_CONSULTORIO, ID_ESTADO, ID_MOTIVO_CANCELACION, ID_AGENDA, FECHA, HORA_AGENDADA_INICIO, HORA_AGENDADA_FIN, OBSERVACIONES) 
VALUES (18, 10, 8, 1, NULL, 12, TO_DATE('13-11-2025', 'DD-MM-YYYY'), TO_TIMESTAMP('2025-11-13 12:00', 'YYYY-MM-DD HH24:MI'), TO_TIMESTAMP('2025-11-13 12:30', 'YYYY-MM-DD HH24:MI'), 'Consulta generada automáticamente.');

INSERT INTO CITA (ID_PACIENTE, ID_MEDICO, ID_CONSULTORIO, ID_ESTADO, ID_MOTIVO_CANCELACION, ID_AGENDA, FECHA, HORA_AGENDADA_INICIO, HORA_AGENDADA_FIN, OBSERVACIONES) 
VALUES (12, 6, 9, 2, NULL, 7, TO_DATE('14-11-2025', 'DD-MM-YYYY'), TO_TIMESTAMP('2025-11-14 12:30', 'YYYY-MM-DD HH24:MI'), TO_TIMESTAMP('2025-11-14 13:00', 'YYYY-MM-DD HH24:MI'), 'Consulta generada automáticamente.');

INSERT INTO CITA (ID_PACIENTE, ID_MEDICO, ID_CONSULTORIO, ID_ESTADO, ID_MOTIVO_CANCELACION, ID_AGENDA, FECHA, HORA_AGENDADA_INICIO, HORA_AGENDADA_FIN, OBSERVACIONES) 
VALUES (25, 10, 5, 2, NULL, 14, TO_DATE('15-11-2025', 'DD-MM-YYYY'), TO_TIMESTAMP('2025-11-15 08:00', 'YYYY-MM-DD HH24:MI'), TO_TIMESTAMP('2025-11-15 08:30', 'YYYY-MM-DD HH24:MI'), 'Consulta generada automáticamente.');

INSERT INTO CITA (ID_PACIENTE, ID_MEDICO, ID_CONSULTORIO, ID_ESTADO, ID_MOTIVO_CANCELACION, ID_AGENDA, FECHA, HORA_AGENDADA_INICIO, HORA_AGENDADA_FIN, OBSERVACIONES) 
VALUES (18, 14, 7, 1, 2, 12, TO_DATE('16-11-2025', 'DD-MM-YYYY'), TO_TIMESTAMP('2025-11-16 09:00', 'YYYY-MM-DD HH24:MI'), TO_TIMESTAMP('2025-11-16 09:30', 'YYYY-MM-DD HH24:MI'), 'Consulta generada automáticamente.');

INSERT INTO CITA (ID_PACIENTE, ID_MEDICO, ID_CONSULTORIO, ID_ESTADO, ID_MOTIVO_CANCELACION, ID_AGENDA, FECHA, HORA_AGENDADA_INICIO, HORA_AGENDADA_FIN, OBSERVACIONES) 
VALUES (40, 9, 6, 3, 1, 5, TO_DATE('17-11-2025', 'DD-MM-YYYY'), TO_TIMESTAMP('2025-11-17 10:00', 'YYYY-MM-DD HH24:MI'), TO_TIMESTAMP('2025-11-17 10:30', 'YYYY-MM-DD HH24:MI'), 'Consulta generada automáticamente.');

INSERT INTO CITA (ID_PACIENTE, ID_MEDICO, ID_CONSULTORIO, ID_ESTADO, ID_MOTIVO_CANCELACION, ID_AGENDA, FECHA, HORA_AGENDADA_INICIO, HORA_AGENDADA_FIN, OBSERVACIONES) 
VALUES (5, 3, 2, 1, NULL, 4, TO_DATE('18-11-2025', 'DD-MM-YYYY'), TO_TIMESTAMP('2025-11-18 11:00', 'YYYY-MM-DD HH24:MI'), TO_TIMESTAMP('2025-11-18 11:30', 'YYYY-MM-DD HH24:MI'), 'Consulta generada automáticamente.');

INSERT INTO CITA (ID_PACIENTE, ID_MEDICO, ID_CONSULTORIO, ID_ESTADO, ID_MOTIVO_CANCELACION, ID_AGENDA, FECHA, HORA_AGENDADA_INICIO, HORA_AGENDADA_FIN, OBSERVACIONES) 
VALUES (33, 17, 3, 2, NULL, 9, TO_DATE('19-11-2025', 'DD-MM-YYYY'), TO_TIMESTAMP('2025-11-19 12:00', 'YYYY-MM-DD HH24:MI'), TO_TIMESTAMP('2025-11-19 12:30', 'YYYY-MM-DD HH24:MI'), 'Consulta generada automáticamente.');

INSERT INTO CITA (ID_PACIENTE, ID_MEDICO, ID_CONSULTORIO, ID_ESTADO, ID_MOTIVO_CANCELACION, ID_AGENDA, FECHA, HORA_AGENDADA_INICIO, HORA_AGENDADA_FIN, OBSERVACIONES) 
VALUES (51, 12, 10, 1, NULL, 6, TO_DATE('20-11-2025', 'DD-MM-YYYY'), TO_TIMESTAMP('2025-11-20 13:00', 'YYYY-MM-DD HH24:MI'), TO_TIMESTAMP('2025-11-20 13:30', 'YYYY-MM-DD HH24:MI'), 'Consulta generada automáticamente.');

INSERT INTO CITA (ID_PACIENTE, ID_MEDICO, ID_CONSULTORIO, ID_ESTADO, ID_MOTIVO_CANCELACION, ID_AGENDA, FECHA, HORA_AGENDADA_INICIO, HORA_AGENDADA_FIN, OBSERVACIONES) 
VALUES (29, 6, 1, 3, 1, 2, TO_DATE('21-11-2025', 'DD-MM-YYYY'), TO_TIMESTAMP('2025-11-21 14:00', 'YYYY-MM-DD HH24:MI'), TO_TIMESTAMP('2025-11-21 14:30', 'YYYY-MM-DD HH24:MI'), 'Consulta generada automáticamente.');

INSERT INTO CITA (ID_PACIENTE, ID_MEDICO, ID_CONSULTORIO, ID_ESTADO, ID_MOTIVO_CANCELACION, ID_AGENDA, FECHA, HORA_AGENDADA_INICIO, HORA_AGENDADA_FIN, OBSERVACIONES) 
VALUES (9, 20, 8, 1, NULL, 8, TO_DATE('22-11-2025', 'DD-MM-YYYY'), TO_TIMESTAMP('2025-11-22 15:00', 'YYYY-MM-DD HH24:MI'), TO_TIMESTAMP('2025-11-22 15:30', 'YYYY-MM-DD HH24:MI'), 'Consulta generada automáticamente.');

INSERT INTO CITA (ID_PACIENTE, ID_MEDICO, ID_CONSULTORIO, ID_ESTADO, ID_MOTIVO_CANCELACION, ID_AGENDA, FECHA, HORA_AGENDADA_INICIO, HORA_AGENDADA_FIN, OBSERVACIONES) 
VALUES (46, 7, 4, 2, NULL, 10, TO_DATE('23-11-2025', 'DD-MM-YYYY'), TO_TIMESTAMP('2025-11-23 16:00', 'YYYY-MM-DD HH24:MI'), TO_TIMESTAMP('2025-11-23 16:30', 'YYYY-MM-DD HH24:MI'), 'Consulta generada automáticamente.');

INSERT INTO CITA (ID_PACIENTE, ID_MEDICO, ID_CONSULTORIO, ID_ESTADO, ID_MOTIVO_CANCELACION, ID_AGENDA, FECHA, HORA_AGENDADA_INICIO, HORA_AGENDADA_FIN, OBSERVACIONES) 
VALUES (12, 11, 9, 1, 2, 11, TO_DATE('24-11-2025', 'DD-MM-YYYY'), TO_TIMESTAMP('2025-11-24 17:00', 'YYYY-MM-DD HH24:MI'), TO_TIMESTAMP('2025-11-24 17:30', 'YYYY-MM-DD HH24:MI'), 'Consulta generada automáticamente.');
COMMIT;

-- 12. ATENCION (depende de CITA)
INSERT INTO ATENCION (ID_CITA, FECHA_INICIO, FECHA_FIN, MOTIVO_CONSULTA, HISTORIAL_CLINICO, EXAMEN_FISICO, DIAGNOSTICO) VALUES (1, TO_DATE('01-11-2025', 'DD-MM-YYYY'), TO_DATE('01-11-2025', 'DD-MM-YYYY'), 'Dolor de cabeza persistente', 'Paciente con antecedentes de migraña. Episodios recurrentes en los últimos meses.', 'Presión normal, temperatura estable, reflejos normales.', 'Migraña');
INSERT INTO ATENCION (ID_CITA, FECHA_INICIO, FECHA_FIN, MOTIVO_CONSULTA, HISTORIAL_CLINICO, EXAMEN_FISICO, DIAGNOSTICO) VALUES (2, TO_DATE('02-11-2025', 'DD-MM-YYYY'), TO_DATE('02-11-2025', 'DD-MM-YYYY'), 'Dolor abdominal leve', 'Sin antecedentes gastrointestinales. Dolor desde hace 2 días.', 'Abdomen blando, sin masas ni dolor a la palpación profunda.', 'Gastritis leve');
INSERT INTO ATENCION (ID_CITA, FECHA_INICIO, FECHA_FIN, MOTIVO_CONSULTA, HISTORIAL_CLINICO, EXAMEN_FISICO, DIAGNOSTICO) VALUES (3, TO_DATE('03-11-2025', 'DD-MM-YYYY'), TO_DATE('03-11-2025', 'DD-MM-YYYY'), 'Chequeo anual general', 'Paciente acude anualmente. No enfermedades crónicas.', 'Examen físico sin hallazgos relevantes.', 'Buen estado general');
INSERT INTO ATENCION (ID_CITA, FECHA_INICIO, FECHA_FIN, MOTIVO_CONSULTA, HISTORIAL_CLINICO, EXAMEN_FISICO, DIAGNOSTICO) VALUES (4, TO_DATE('04-11-2025', 'DD-MM-YYYY'), TO_DATE('04-11-2025', 'DD-MM-YYYY'), 'Tos persistente por más de una semana', 'Fumador ocasional, sin antecedentes de asma.', 'Ruidos respiratorios leves en ambos pulmones.', 'Bronquitis leve');
INSERT INTO ATENCION (ID_CITA, FECHA_INICIO, FECHA_FIN, MOTIVO_CONSULTA, HISTORIAL_CLINICO, EXAMEN_FISICO, DIAGNOSTICO) VALUES (5, TO_DATE('05-11-2025', 'DD-MM-YYYY'), TO_DATE('05-11-2025', 'DD-MM-YYYY'), 'Control de presión arterial', 'Hipertensión diagnosticada hace 3 años.', 'Presión 140/90, buen estado general.', 'Hipertensión en control');
INSERT INTO ATENCION (ID_CITA, FECHA_INICIO, FECHA_FIN, MOTIVO_CONSULTA, HISTORIAL_CLINICO, EXAMEN_FISICO, DIAGNOSTICO) VALUES (6, TO_DATE('06-11-2025', 'DD-MM-YYYY'), TO_DATE('06-11-2025', 'DD-MM-YYYY'), 'Dolor muscular post ejercicio', 'Actividad física intensa reciente. No uso de medicamentos.', 'Dolor localizado en piernas, sin inflamación.', 'Dolor muscular tardío');
INSERT INTO ATENCION (ID_CITA, FECHA_INICIO, FECHA_FIN, MOTIVO_CONSULTA, HISTORIAL_CLINICO, EXAMEN_FISICO, DIAGNOSTICO) VALUES (7, TO_DATE('07-11-2025', 'DD-MM-YYYY'), TO_DATE('07-11-2025', 'DD-MM-YYYY'), 'Fiebre intermitente por 3 días', 'Sin antecedentes relevantes. No viajes recientes.', 'Temperatura 38.5°C, faringe enrojecida.', 'Faringitis viral');
INSERT INTO ATENCION (ID_CITA, FECHA_INICIO, FECHA_FIN, MOTIVO_CONSULTA, HISTORIAL_CLINICO, EXAMEN_FISICO, DIAGNOSTICO) VALUES (8, TO_DATE('08-11-2025', 'DD-MM-YYYY'), TO_DATE('08-11-2025', 'DD-MM-YYYY'), 'Dificultad para dormir', 'Estrés laboral reportado. No uso de medicamentos.', 'Signos vitales normales, sin hallazgos clínicos.', 'Insomnio leve');
INSERT INTO ATENCION (ID_CITA, FECHA_INICIO, FECHA_FIN, MOTIVO_CONSULTA, HISTORIAL_CLINICO, EXAMEN_FISICO, DIAGNOSTICO) VALUES (9, TO_DATE('09-11-2025', 'DD-MM-YYYY'), TO_DATE('09-11-2025', 'DD-MM-YYYY'), 'Dolor en rodilla izquierda', 'Lesión leve jugando fútbol, sin fracturas previas.', 'Inflamación leve y movilidad reducida.', 'Distensión ligamentaria');
INSERT INTO ATENCION (ID_CITA, FECHA_INICIO, FECHA_FIN, MOTIVO_CONSULTA, HISTORIAL_CLINICO, EXAMEN_FISICO, DIAGNOSTICO) VALUES (10, TO_DATE('10-11-2025', 'DD-MM-YYYY'), TO_DATE('10-11-2025', 'DD-MM-YYYY'), 'Evaluación por dolor lumbar', 'Paciente con historial de sedentarismo.', 'Dolor a la palpación en región lumbar baja.', 'Lumbalgia mecánica');
INSERT INTO ATENCION (ID_CITA, FECHA_INICIO, FECHA_FIN, MOTIVO_CONSULTA, HISTORIAL_CLINICO, EXAMEN_FISICO, DIAGNOSTICO) VALUES (11, TO_DATE('11-11-2025', 'DD-MM-YYYY'), TO_DATE('11-11-2025', 'DD-MM-YYYY'), 'Dolor torácico leve', 'Sin antecedentes cardíacos. No hay factores de riesgo conocidos.', 'Presión normal, ECG sin alteraciones.', 'Dolor muscular intercostal');
INSERT INTO ATENCION (ID_CITA, FECHA_INICIO, FECHA_FIN, MOTIVO_CONSULTA, HISTORIAL_CLINICO, EXAMEN_FISICO, DIAGNOSTICO) VALUES (12, TO_DATE('12-11-2025', 'DD-MM-YYYY'), TO_DATE('12-11-2025', 'DD-MM-YYYY'), 'Revisión posoperatoria', 'Paciente operado de apendicitis hace 2 semanas.', 'Herida en buen estado, sin signos de infección.', 'Recuperación adecuada');
INSERT INTO ATENCION (ID_CITA, FECHA_INICIO, FECHA_FIN, MOTIVO_CONSULTA, HISTORIAL_CLINICO, EXAMEN_FISICO, DIAGNOSTICO) VALUES (13, TO_DATE('13-11-2025', 'DD-MM-YYYY'), TO_DATE('13-11-2025', 'DD-MM-YYYY'), 'Consulta por alergia estacional', 'Alergias cada primavera. Uso ocasional de antihistamínicos.', 'Congestión nasal y ojos llorosos.', 'Rinitis alérgica');
INSERT INTO ATENCION (ID_CITA, FECHA_INICIO, FECHA_FIN, MOTIVO_CONSULTA, HISTORIAL_CLINICO, EXAMEN_FISICO, DIAGNOSTICO) VALUES (14, TO_DATE('14-11-2025', 'DD-MM-YYYY'), TO_DATE('14-11-2025', 'DD-MM-YYYY'), 'Dolor en el cuello', 'Postura incorrecta en el trabajo. Sin lesiones previas.', 'Rigidez muscular en cuello y hombros.', 'Tortícolis leve');
INSERT INTO ATENCION (ID_CITA, FECHA_INICIO, FECHA_FIN, MOTIVO_CONSULTA, HISTORIAL_CLINICO, EXAMEN_FISICO, DIAGNOSTICO) VALUES (15, TO_DATE('15-11-2025', 'DD-MM-YYYY'), TO_DATE('15-11-2025', 'DD-MM-YYYY'), 'Revisión pediátrica de rutina', 'Niño sano. Todas las vacunas al día.', 'Peso y talla acorde a la edad, reflejos normales.', 'Desarrollo normal');
INSERT INTO ATENCION (ID_CITA, FECHA_INICIO, FECHA_FIN, MOTIVO_CONSULTA, HISTORIAL_CLINICO, EXAMEN_FISICO, DIAGNOSTICO) VALUES (16, TO_DATE('16-11-2025', 'DD-MM-YYYY'), TO_DATE('16-11-2025', 'DD-MM-YYYY'), 'Control post COVID-19', 'COVID positivo hace 3 meses. Sin secuelas respiratorias graves.', 'Capacidad respiratoria adecuada, saturación 98%.', 'Evolución favorable post-COVID');
INSERT INTO ATENCION (ID_CITA, FECHA_INICIO, FECHA_FIN, MOTIVO_CONSULTA, HISTORIAL_CLINICO, EXAMEN_FISICO, DIAGNOSTICO) VALUES (17, TO_DATE('17-11-2025', 'DD-MM-YYYY'), TO_DATE('17-11-2025', 'DD-MM-YYYY'), 'Visión borrosa intermitente', 'Hipermetropía diagnosticada. No usa lentes.', 'No alteraciones neurológicas. Prueba visual con déficit leve.', 'Descompensación visual');
INSERT INTO ATENCION (ID_CITA, FECHA_INICIO, FECHA_FIN, MOTIVO_CONSULTA, HISTORIAL_CLINICO, EXAMEN_FISICO, DIAGNOSTICO) VALUES (18, TO_DATE('18-11-2025', 'DD-MM-YYYY'), TO_DATE('18-11-2025', 'DD-MM-YYYY'), 'Chequeo ginecológico anual', 'Sin antecedentes. Ciclos menstruales regulares.', 'Examen pélvico sin hallazgos. Se envía citología.', 'Consulta de rutina');
INSERT INTO ATENCION (ID_CITA, FECHA_INICIO, FECHA_FIN, MOTIVO_CONSULTA, HISTORIAL_CLINICO, EXAMEN_FISICO, DIAGNOSTICO) VALUES (19, TO_DATE('19-11-2025', 'DD-MM-YYYY'), TO_DATE('19-11-2025', 'DD-MM-YYYY'), 'Dolor en el tobillo derecho', 'Torcedura durante ejercicio. No puede apoyar el pie.', 'Inflamación leve, sin hematomas.', 'Esguince leve');
INSERT INTO ATENCION (ID_CITA, FECHA_INICIO, FECHA_FIN, MOTIVO_CONSULTA, HISTORIAL_CLINICO, EXAMEN_FISICO, DIAGNOSTICO) VALUES (20, TO_DATE('20-11-2025', 'DD-MM-YYYY'), TO_DATE('20-11-2025', 'DD-MM-YYYY'), 'Sensación de mareo y debilidad', 'No enfermedades crónicas. No ha comido bien últimamente.', 'Presión baja, pulso normal.', 'Hipotensión por ayuno');
COMMIT;

-- 13. CONTRATO (depende de PERSONAL)
INSERT INTO CONTRATO (ID_PERSONAL, FECHA_REGISTRO, VIGENTE) VALUES (1, TO_DATE('01-01-2020', 'DD-MM-YYYY'), 'S');
INSERT INTO CONTRATO (ID_PERSONAL, FECHA_REGISTRO, VIGENTE) VALUES (2, TO_DATE('15-03-2021', 'DD-MM-YYYY'), 'S');
INSERT INTO CONTRATO (ID_PERSONAL, FECHA_REGISTRO, VIGENTE) VALUES (3, TO_DATE('10-07-2019', 'DD-MM-YYYY'), 'N');
INSERT INTO CONTRATO (ID_PERSONAL, FECHA_REGISTRO, VIGENTE) VALUES (4, TO_DATE('05-02-2022', 'DD-MM-YYYY'), 'S');
INSERT INTO CONTRATO (ID_PERSONAL, FECHA_REGISTRO, VIGENTE) VALUES (5, TO_DATE('20-08-2020', 'DD-MM-YYYY'), 'S');
INSERT INTO CONTRATO (ID_PERSONAL, FECHA_REGISTRO, VIGENTE) VALUES (6, TO_DATE('10-01-2018', 'DD-MM-YYYY'), 'N');
INSERT INTO CONTRATO (ID_PERSONAL, FECHA_REGISTRO, VIGENTE) VALUES (7, TO_DATE('14-05-2021', 'DD-MM-YYYY'), 'S');
INSERT INTO CONTRATO (ID_PERSONAL, FECHA_REGISTRO, VIGENTE) VALUES (8, TO_DATE('25-09-2022', 'DD-MM-YYYY'), 'S');
INSERT INTO CONTRATO (ID_PERSONAL, FECHA_REGISTRO, VIGENTE) VALUES (9, TO_DATE('30-06-2017', 'DD-MM-YYYY'), 'N');
INSERT INTO CONTRATO (ID_PERSONAL, FECHA_REGISTRO, VIGENTE) VALUES (10, TO_DATE('05-11-2016', 'DD-MM-YYYY'), 'N');
INSERT INTO CONTRATO (ID_PERSONAL, FECHA_REGISTRO, VIGENTE) VALUES (11, TO_DATE('01-04-2015', 'DD-MM-YYYY'), 'N');
INSERT INTO CONTRATO (ID_PERSONAL, FECHA_REGISTRO, VIGENTE) VALUES (12, TO_DATE('10-10-2023', 'DD-MM-YYYY'), 'S');
INSERT INTO CONTRATO (ID_PERSONAL, FECHA_REGISTRO, VIGENTE) VALUES (13, TO_DATE('05-07-2019', 'DD-MM-YYYY'), 'S');
INSERT INTO CONTRATO (ID_PERSONAL, FECHA_REGISTRO, VIGENTE) VALUES (14, TO_DATE('18-03-2020', 'DD-MM-YYYY'), 'S');
INSERT INTO CONTRATO (ID_PERSONAL, FECHA_REGISTRO, VIGENTE) VALUES (15, TO_DATE('22-06-2018', 'DD-MM-YYYY'), 'N');
INSERT INTO CONTRATO (ID_PERSONAL, FECHA_REGISTRO, VIGENTE) VALUES (16, TO_DATE('15-01-2022', 'DD-MM-YYYY'), 'S');
INSERT INTO CONTRATO (ID_PERSONAL, FECHA_REGISTRO, VIGENTE) VALUES (17, TO_DATE('11-02-2023', 'DD-MM-YYYY'), 'S');
INSERT INTO CONTRATO (ID_PERSONAL, FECHA_REGISTRO, VIGENTE) VALUES (18, TO_DATE('07-09-2021', 'DD-MM-YYYY'), 'N');
INSERT INTO CONTRATO (ID_PERSONAL, FECHA_REGISTRO, VIGENTE) VALUES (19, TO_DATE('01-05-2019', 'DD-MM-YYYY'), 'S');
INSERT INTO CONTRATO (ID_PERSONAL, FECHA_REGISTRO, VIGENTE) VALUES (20, TO_DATE('03-03-2022', 'DD-MM-YYYY'), 'S');
COMMIT;

-- 14. EXPEDIENTE (depende de PACIENTE)
INSERT INTO EXPEDIENTE (ID_PACIENTE, CREADO_EN, NOTAS) VALUES (2, TO_DATE('12-02-2023', 'DD-MM-YYYY'), 'Alergias registradas.');
INSERT INTO EXPEDIENTE (ID_PACIENTE, CREADO_EN, NOTAS) VALUES (3, TO_DATE('05-03-2023', 'DD-MM-YYYY'), 'Historial actualizado.');
INSERT INTO EXPEDIENTE (ID_PACIENTE, CREADO_EN, NOTAS) VALUES (4, TO_DATE('08-04-2023', 'DD-MM-YYYY'), 'Paciente con tratamiento de presión.');
INSERT INTO EXPEDIENTE (ID_PACIENTE, CREADO_EN, NOTAS) VALUES (5, TO_DATE('15-05-2023', 'DD-MM-YYYY'), 'Consulta odontológica.');
INSERT INTO EXPEDIENTE (ID_PACIENTE, CREADO_EN, NOTAS) VALUES (6, TO_DATE('20-06-2023', 'DD-MM-YYYY'), 'Seguimiento nutricional.');
INSERT INTO EXPEDIENTE (ID_PACIENTE, CREADO_EN, NOTAS) VALUES (7, TO_DATE('01-07-2023', 'DD-MM-YYYY'), 'Examen de sangre solicitado.');
INSERT INTO EXPEDIENTE (ID_PACIENTE, CREADO_EN, NOTAS) VALUES (8, TO_DATE('10-08-2023', 'DD-MM-YYYY'), 'Se añadió referencia a especialista.');
INSERT INTO EXPEDIENTE (ID_PACIENTE, CREADO_EN, NOTAS) VALUES (9, TO_DATE('15-09-2023', 'DD-MM-YYYY'), 'Observaciones menores.');
INSERT INTO EXPEDIENTE (ID_PACIENTE, CREADO_EN, NOTAS) VALUES (10, TO_DATE('22-10-2023', 'DD-MM-YYYY'), 'Paciente dado de alta.');
INSERT INTO EXPEDIENTE (ID_PACIENTE, CREADO_EN, NOTAS) VALUES (11, TO_DATE('01-11-2023', 'DD-MM-YYYY'), 'Chequeo prenatal.');
INSERT INTO EXPEDIENTE (ID_PACIENTE, CREADO_EN, NOTAS) VALUES (12, TO_DATE('03-12-2023', 'DD-MM-YYYY'), 'Evaluación psicológica.');
INSERT INTO EXPEDIENTE (ID_PACIENTE, CREADO_EN, NOTAS) VALUES (13, TO_DATE('10-01-2024', 'DD-MM-YYYY'), 'Tratamiento de diabetes.');
INSERT INTO EXPEDIENTE (ID_PACIENTE, CREADO_EN, NOTAS) VALUES (14, TO_DATE('20-01-2024', 'DD-MM-YYYY'), 'En seguimiento por nutrición.');
INSERT INTO EXPEDIENTE (ID_PACIENTE, CREADO_EN, NOTAS) VALUES (15, TO_DATE('05-02-2024', 'DD-MM-YYYY'), 'Consulta por cefaleas frecuentes.');
INSERT INTO EXPEDIENTE (ID_PACIENTE, CREADO_EN, NOTAS) VALUES (16, TO_DATE('15-02-2024', 'DD-MM-YYYY'), 'Historial revisado sin cambios.');
INSERT INTO EXPEDIENTE (ID_PACIENTE, CREADO_EN, NOTAS) VALUES (17, TO_DATE('25-02-2024', 'DD-MM-YYYY'), 'Paciente requiere estudios adicionales.');
INSERT INTO EXPEDIENTE (ID_PACIENTE, CREADO_EN, NOTAS) VALUES (18, TO_DATE('01-03-2024', 'DD-MM-YYYY'), 'Evaluación post-operatoria.');
INSERT INTO EXPEDIENTE (ID_PACIENTE, CREADO_EN, NOTAS) VALUES (19, TO_DATE('10-03-2024', 'DD-MM-YYYY'), 'Análisis de laboratorio pendiente.');
INSERT INTO EXPEDIENTE (ID_PACIENTE, CREADO_EN, NOTAS) VALUES (20, TO_DATE('20-03-2024', 'DD-MM-YYYY'), 'Paciente remitido a especialista.');
COMMIT;

-- ============================================================================
-- FIN DEL SCRIPT DE INSERTS
-- Script completo con todos los datos de prueba para el sistema
-- Total de registros:
--   - ESTADO_CITA: 5
--   - MOTIVO_CANCELACION: 5
--   - ESPECIALIDAD: 10
--   - CLINICA: 2
--   - AGENDA_HORARIO: 10 (Lunes-Viernes, Mañana/Tarde)
--   - PACIENTE: 62 registros
--   - PERSONAL: 40 registros
--   - MEDICO: 20 registros
--   - MEDICO_ESPECIALIDAD: 20 registros
--   - CONSULTORIO: 10 (5 por clínica)
--   - AGENDA_MEDICA: 20 registros
--   - CITA: 27 registros
--   - ATENCION: 20 registros
--   - CONTRATO: 20 registros
--   - EXPEDIENTE: 19 registros
-- ============================================================================
